id,mean_score,leaning
1274,0.10047497,antitrump
1275,0.893467935,protrump
1276,0.94392353,protrump
1277,0.99398395,protrump
1278,0.03393312,antitrump
8,0.3541269093333333,antitrump
1279,0.06977844,antitrump
1280,0.4611571565,antitrump
1281,0.98624915,protrump
1282,0.6296270497272727,protrump
15,0.6448057711599999,protrump
1283,0.958167,protrump
19,0.55682638575,protrump
1284,0.060312036,antitrump
1285,0.48780882375,antitrump
25,0.2966807010052632,antitrump
26,0.4556961466,antitrump
27,0.042336595000000005,antitrump
1286,0.4108217251999999,antitrump
1287,0.99540763,protrump
1288,0.9930147375,protrump
1289,0.58801819,protrump
1290,0.43253185,antitrump
1291,0.98506763,protrump
1292,0.94491726,protrump
1293,0.21994655,antitrump
1294,0.9890499,protrump
1295,0.4337521294285714,antitrump
1296,0.39078191625,antitrump
1297,0.885108165,protrump
1298,0.9915236,protrump
1299,0.018779558999999998,antitrump
1300,0.8960539302142856,protrump
1301,0.012836902749999999,antitrump
1302,0.6612734133333332,protrump
1303,0.3500353363333333,antitrump
1304,0.932758005,protrump
1305,0.97467536,protrump
1306,0.6650833166666666,protrump
1307,0.7273491766666668,protrump
1308,0.942588,protrump
1309,0.7420209145294115,protrump
1310,0.7417755533333333,protrump
1311,0.91575625,protrump
62,0.9758344533333332,protrump
1312,0.9959934,protrump
1313,0.94649404,protrump
71,0.3074738956333334,antitrump
1314,0.7713145360000001,protrump
1315,0.3112684175,antitrump
1316,0.8441456348571429,protrump
1317,0.99427646,protrump
1318,0.98963904,protrump
75,0.48343672207692295,antitrump
1319,0.3994959533333333,antitrump
1320,0.99123738,protrump
1321,0.7856424480000002,protrump
1322,0.9494241716666666,protrump
80,0.53008987,protrump
1323,0.3444562255,antitrump
87,0.6519311029615384,protrump
1324,0.2495080750833333,antitrump
1325,0.9956411,protrump
1326,0.356586644375,antitrump
1327,0.3074766401428572,antitrump
1328,0.591436580609756,protrump
1329,0.9507041,protrump
90,0.4314333950000001,antitrump
1330,0.28814759909090903,antitrump
1331,0.4686398595833334,antitrump
1332,0.9846994,protrump
1333,0.9310373,protrump
94,0.6625449584615384,protrump
1334,0.9937104,protrump
100,0.969564885,protrump
1335,0.7908197466666667,protrump
1336,0.34529559281249994,antitrump
1337,0.03281179,antitrump
1338,0.9592038083333332,protrump
1339,0.99444467,protrump
1340,0.03436819,antitrump
109,0.5566463656666666,protrump
1341,0.305507786,antitrump
1342,0.7810374699999999,protrump
1343,0.9877945,protrump
1344,0.39136771315625,antitrump
1345,0.6076456845294118,protrump
1346,0.6540272153333333,protrump
118,0.5585210363750001,protrump
1347,0.93982625,protrump
1348,0.49805666950000005,antitrump
1349,0.9929899,protrump
1350,0.2946369233333333,antitrump
1351,0.023362806,antitrump
1352,0.9951439,protrump
1353,0.96778727,protrump
1354,0.8348838117142857,protrump
1355,0.6693640586666667,protrump
1356,0.512037635,protrump
121,0.040719747,antitrump
1357,0.9771158125,protrump
1358,0.6755128525374999,protrump
1359,0.98453965,protrump
125,0.15961006600000002,antitrump
1360,0.9885632,protrump
1361,0.94368017,protrump
128,0.3487025808888889,antitrump
1362,0.015877256,antitrump
1363,0.7269999464285715,protrump
1364,0.5848653874285714,protrump
131,0.617840535,protrump
1365,0.6240539294999999,protrump
1366,0.3032492366666667,antitrump
1367,0.7845714,protrump
1368,0.02737489983333333,antitrump
1369,0.3885729633333333,antitrump
1370,0.9863972,protrump
1371,0.98944503,protrump
1372,0.99009785,protrump
133,0.41734377466666667,antitrump
1373,0.9768811,protrump
138,0.9384186233333334,protrump
1374,0.033064093,antitrump
1375,0.109462366,antitrump
146,0.051688110999999995,antitrump
1376,0.6450127087499999,protrump
150,0.859439,protrump
151,0.4934342789999999,antitrump
152,0.32409199057142857,antitrump
1377,0.0319701165,antitrump
1378,0.96758014,protrump
1379,0.3934871733333333,antitrump
1380,0.7138034608529412,protrump
1381,0.7022539486666667,protrump
1382,0.47122437,antitrump
1383,0.9962165,protrump
163,0.8835180666666668,protrump
1384,0.2744428978571429,antitrump
1385,0.95333453,protrump
1386,0.019780101,antitrump
1387,0.95345145,protrump
168,0.8781061829411764,protrump
1388,0.48685962,antitrump
1389,0.370163747,antitrump
1390,0.986579685,protrump
1391,0.6715068415000001,protrump
1392,0.5023457299999999,protrump
1393,0.3259537886,antitrump
1394,0.94793195,protrump
1395,0.446661063076923,antitrump
1396,0.050255246,antitrump
1397,0.52255018,protrump
1398,0.97060037,protrump
1399,0.94811657,protrump
1400,0.3893171,antitrump
1401,0.8721075999999999,protrump
1402,0.44856986,antitrump
1403,0.5358786213333334,protrump
1404,0.9536121,protrump
1405,0.815708205,protrump
197,0.6425344583333333,protrump
1406,0.98255044,protrump
1407,0.8672054,protrump
1408,0.025247175,antitrump
1409,0.96984935,protrump
1410,0.97755765,protrump
1411,0.501333893,protrump
1412,0.8679612369999999,protrump
209,0.5680394525,protrump
1413,0.022456765,antitrump
1414,0.3771043633333333,antitrump
1415,0.9516466,protrump
1416,0.98936987,protrump
218,0.20615073942416093,antitrump
1417,0.96722925,protrump
1418,0.22006595,antitrump
1419,0.94434285,protrump
1420,0.405393086,antitrump
1421,0.3773354,antitrump
1422,0.39444807125,antitrump
1423,0.9272336179999999,protrump
1424,0.69138927,protrump
1425,0.94922423,protrump
1426,0.4160817452,antitrump
1427,0.6576155203333334,protrump
1428,0.9786799999999999,protrump
1429,0.1928850656,antitrump
1430,0.5260507805,protrump
1431,0.9655325,protrump
1432,0.9784839,protrump
1433,0.033272445,antitrump
1434,0.6234498273333333,protrump
233,0.3854796668055555,antitrump
235,0.3624862452948717,antitrump
1435,0.7233116030000001,protrump
1436,0.980361875,protrump
1437,0.9691945,protrump
1438,0.1336774,antitrump
1439,0.9587253833333332,protrump
1440,0.45188163,antitrump
1441,0.26916817,antitrump
1442,0.040111005,antitrump
1443,0.4619865186666667,antitrump
1444,0.987909,protrump
1445,0.8546616509999999,protrump
1446,0.6207373599999999,protrump
1447,0.0188388648,antitrump
1448,0.9143427,protrump
246,0.3765428883437499,antitrump
1449,0.510055185,protrump
247,0.3194872875625,antitrump
1450,0.97580963,protrump
1451,0.016410375,antitrump
1452,0.992021285,protrump
1453,0.67311639,protrump
1454,0.4715580735,antitrump
1455,0.9630831,protrump
1456,0.973177732,protrump
1457,0.05633878,antitrump
1458,0.79614541,protrump
1459,0.89133173,protrump
1460,0.9394748936363636,protrump
1461,0.9967801,protrump
1462,0.7240349466666668,protrump
1463,0.17262354500000002,antitrump
1464,0.4227037345384615,antitrump
1465,0.34155037466666666,antitrump
1466,0.37673669950000005,antitrump
266,0.9769703175,protrump
1467,0.70588012,protrump
1468,0.7524641825,protrump
1469,0.9932162,protrump
1470,0.990660635,protrump
1471,0.9609413,protrump
1472,0.96423518,protrump
1473,0.7264551066666667,protrump
1474,0.7048205138571427,protrump
1475,0.008652112,antitrump
1476,0.77357698,protrump
282,0.01369065,antitrump
286,0.14405721274999994,antitrump
1477,0.7741354339999996,protrump
1478,0.96897673,protrump
1479,0.357680818,antitrump
1480,0.96245255,protrump
1481,0.33224040000000005,antitrump
1482,0.97875994,protrump
1483,0.4703034979999999,antitrump
1484,0.17521767,antitrump
1485,0.5203343575,protrump
1486,0.03988105,antitrump
1487,0.886353315,protrump
1488,0.2439810357142857,antitrump
1489,0.99530077,protrump
1490,0.33884053630000005,antitrump
1491,0.98368205,protrump
1492,0.974131,protrump
1493,0.9185957375,protrump
297,0.045386236,antitrump
299,0.4892231965,antitrump
1494,0.5973055246000001,protrump
1495,0.6473084649999999,protrump
1496,0.96719813,protrump
1497,0.7936235622500001,protrump
1498,0.25915968,antitrump
1499,0.7389746466666667,protrump
1500,0.11292580949999999,antitrump
1501,0.8767254999999999,protrump
1502,0.50263651,protrump
1503,0.991261085,protrump
1504,0.94176733,protrump
1505,0.25514066,antitrump
1506,0.99044764,protrump
1507,0.507529394,protrump
1508,0.6590886767499999,protrump
1509,0.6424856800000001,protrump
1510,0.13301549140000002,antitrump
1511,0.96477914,protrump
1512,0.99198127,protrump
1513,0.03751139,antitrump
1514,0.033500507,antitrump
1515,0.97817343,protrump
1516,0.9761597,protrump
325,0.9418031833333336,protrump
1517,0.07590273,antitrump
1518,0.9850193000000002,protrump
1519,0.99495772,protrump
1520,0.03762705966666666,antitrump
1521,0.8802947866666666,protrump
1522,0.90158165,protrump
1523,0.8713629999999999,protrump
327,0.5230000214999999,protrump
1524,0.9845995,protrump
1525,0.06878469,antitrump
1526,0.96591324,protrump
1527,0.022088144,antitrump
1528,0.36684259554,antitrump
1529,0.7112723307272728,protrump
1530,0.101050116,antitrump
339,0.992462965,protrump
1531,0.93755174,protrump
1532,0.44609064,antitrump
1533,0.98533696,protrump
345,0.95024303,protrump
1534,0.056625556,antitrump
1535,0.9829586,protrump
1536,0.7174809595714287,protrump
1537,0.51247887275,protrump
1538,0.9959346,protrump
1539,0.97335297,protrump
1540,0.7524761125,protrump
1541,0.989953,protrump
1542,0.3773740812288137,antitrump
357,0.8643807174999999,protrump
1543,0.4895965143333333,antitrump
1544,0.04505717,antitrump
1545,0.9966731,protrump
1546,0.9878203566666668,protrump
1547,0.324224829,antitrump
1548,0.532977905,protrump
1549,0.9644439025,protrump
1550,0.6708338052139539,protrump
1551,0.579261034,protrump
1552,0.031162014,antitrump
1553,0.983685315,protrump
1554,0.529647,protrump
1555,0.4393308866666667,antitrump
1556,0.469053855,antitrump
1557,0.04729421,antitrump
371,0.2546106731538461,antitrump
1558,0.527475802,protrump
1559,0.9825279,protrump
1560,0.63193577,protrump
1561,0.655346184,protrump
1562,0.7827986718750001,protrump
1563,0.02007797,antitrump
1564,0.8448726514285714,protrump
1565,0.9345459,protrump
1566,0.25535747,antitrump
381,0.2513262339861111,antitrump
1567,0.228873207,antitrump
1568,0.98425347,protrump
1569,0.496029958,antitrump
1570,0.6861363474615383,protrump
1571,0.568928125,protrump
384,0.488925373235,antitrump
1572,0.970797125,protrump
386,0.6606380900000001,protrump
1573,0.885174,protrump
1574,0.014047201,antitrump
1575,0.978589975,protrump
1576,0.97835962,protrump
1577,0.6791689811764706,protrump
1578,0.9576197,protrump
1579,0.9893615,protrump
1580,0.2334528038333333,antitrump
1581,0.99496585,protrump
1582,0.33791000600000004,antitrump
1583,0.07854441599999999,antitrump
1584,0.5020578236,protrump
1585,0.9140304,protrump
1586,0.414540055,antitrump
1587,0.9460603180833332,protrump
1588,0.8694716675,protrump
1589,0.9607513,protrump
414,0.5433374375,protrump
1590,0.9618032725,protrump
1591,0.99650025,protrump
1592,0.96443112,protrump
1593,0.9840893106666666,protrump
1594,0.13028969999999998,antitrump
424,0.8596987936842105,protrump
1595,0.6752099399999999,protrump
1596,0.99764806,protrump
1597,0.3662361172,antitrump
1598,0.6896191468571429,protrump
1599,0.9465718666666666,protrump
1600,0.78699892,protrump
1601,0.17135809400000002,antitrump
432,0.21097421100000002,antitrump
1602,0.7173769681111112,protrump
1603,0.957585,protrump
1604,0.925767275,protrump
440,0.1196232616,antitrump
1605,0.99713033,protrump
1606,0.72964627,protrump
445,0.8394793607142856,protrump
1607,0.66000727,protrump
1608,0.07165922150000001,antitrump
1609,0.9778095,protrump
449,0.050765998000000014,antitrump
1610,0.4743928366666667,antitrump
1611,0.5128633437500001,protrump
1612,0.44376804036842105,antitrump
1613,0.020058958,antitrump
1614,0.9671427525,protrump
1615,0.981210525,protrump
1616,0.054496825,antitrump
1617,0.7724206087499998,protrump
1618,0.042555336,antitrump
1619,0.5176600484999999,protrump
1620,0.9490221733333332,protrump
1621,0.87504333,protrump
1622,0.041519657,antitrump
1623,0.2402180875,antitrump
1624,0.898503255,protrump
1625,0.556264455,protrump
1626,0.16123362,antitrump
1627,0.5306507305,protrump
1628,0.49944245,antitrump
1629,0.93950635,protrump
1630,0.015226657,antitrump
1631,0.0139054125,antitrump
1632,0.98511225,protrump
1633,0.1644935968461539,antitrump
1634,0.98080504,protrump
1635,0.99228364,protrump
482,0.024476985,antitrump
1636,0.8023126169999999,protrump
1637,0.97173744,protrump
1638,0.9809616,protrump
1639,0.035575639428571434,antitrump
489,0.2554316152,antitrump
1640,0.5062778296666668,protrump
1641,0.7559948400000001,protrump
1642,0.93564963,protrump
1643,0.7322710833793106,protrump
1644,0.991763,protrump
1645,0.4455285473333333,antitrump
1646,0.6485683000000001,protrump
1647,0.7915911254545456,protrump
1648,0.94557324,protrump
500,0.8472528993947368,protrump
1649,0.976664,protrump
502,0.083540045,antitrump
1650,0.97440207,protrump
1651,0.9898626875,protrump
1652,0.4635839700000001,antitrump
1653,0.99485636,protrump
507,0.5207153716666666,protrump
1654,0.9845116749999998,protrump
510,0.7117734411428571,protrump
1655,0.9768623,protrump
1656,0.7638640720333334,protrump
1657,0.965027435,protrump
1658,0.6667617589999999,protrump
1659,0.7469522,protrump
1660,0.3441771576666666,antitrump
1661,0.9857103566666666,protrump
1662,0.98045224,protrump
1663,0.9743885,protrump
1664,0.8190142925,protrump
1665,0.9837594,protrump
1666,0.960874,protrump
1667,0.12503783,antitrump
1668,0.99710494,protrump
1669,0.9604295,protrump
1670,0.66754186,protrump
1671,0.6177523454285714,protrump
1672,0.022806218,antitrump
1673,0.737159895,protrump
1674,0.6876962280000001,protrump
1675,0.99456537,protrump
1676,0.3331063216666667,antitrump
1677,0.99329454,protrump
1678,0.5261347245000001,protrump
1679,0.619185625,protrump
1680,0.8193272549999998,protrump
1681,0.0074713714,antitrump
534,0.7820546559999999,protrump
1682,0.9685676,protrump
1683,0.98866408,protrump
1684,0.60633069,protrump
1685,0.60613652375,protrump
541,0.8665616549999999,protrump
1686,0.9182507885714284,protrump
1687,0.99737024,protrump
1688,0.98865813,protrump
1689,0.9850397,protrump
1690,0.826160185,protrump
1691,0.7323811990909093,protrump
1692,0.91022721,protrump
1693,0.98578703,protrump
1694,0.203294762625,antitrump
1695,0.9510790925,protrump
1696,0.6316018298749998,protrump
1697,0.4253008,antitrump
1698,0.43119836,antitrump
1699,0.15883881766666666,antitrump
1700,0.5986681394285716,protrump
556,0.20309731675000006,antitrump
1701,0.97436238,protrump
1702,0.15682967,antitrump
1703,0.5775229987142857,protrump
1704,0.077972464,antitrump
1705,0.8527108821818182,protrump
1706,0.6764744234999999,protrump
1707,0.98397475,protrump
1708,0.0191466799125,antitrump
1709,0.035792198,antitrump
1710,0.069719166,antitrump
1711,0.7836621328333333,protrump
1712,0.193891728,antitrump
1713,0.9772000559999999,protrump
1714,0.3623091,antitrump
1715,0.08615452,antitrump
1716,0.39150542,antitrump
1717,0.91089004,protrump
1718,0.158184452,antitrump
1719,0.9138456625,protrump
1720,0.7616778587500002,protrump
1721,0.021617778,antitrump
1722,0.9824706,protrump
1723,0.857431722857143,protrump
1724,0.026712585,antitrump
1725,0.9784077,protrump
1726,0.9023969,protrump
1727,0.27711858,antitrump
1728,0.975232196,protrump
575,0.9401315,protrump
1729,0.7580700166666666,protrump
578,0.018139794,antitrump
1730,0.519025215,protrump
585,0.5147841175,protrump
1731,0.8941046561395349,protrump
1732,0.09938987425000001,antitrump
1733,0.027578027666666668,antitrump
1734,0.004115775,antitrump
1735,0.3024070425,antitrump
1736,0.9641218,protrump
1737,0.9198818999999999,protrump
591,0.05428879,antitrump
1738,0.81991625,protrump
1739,0.963344665,protrump
1740,0.02238115,antitrump
1741,0.96354795,protrump
1742,0.02535522,antitrump
1743,0.98672694,protrump
1744,0.036744237,antitrump
602,0.4407605901416667,antitrump
1745,0.983982575,protrump
1746,0.50538774,protrump
606,0.4508002179166668,antitrump
1747,0.98640996,protrump
609,0.4595638051666667,antitrump
1748,0.97811208,protrump
1749,0.7142207472,protrump
1750,0.76748127,protrump
1751,0.49978426299999995,antitrump
1752,0.8223625314285714,protrump
1753,0.969423085,protrump
1754,0.9640004,protrump
1755,0.35867256871428577,antitrump
617,0.17416484270000004,antitrump
1756,0.7186910610000001,protrump
1757,0.9877978,protrump
1758,0.9802659,protrump
620,0.3712366426052631,antitrump
1759,0.03139971,antitrump
624,0.41234649866666667,antitrump
1760,0.9384304,protrump
1761,0.9269761225,protrump
1762,0.968738412,protrump
629,0.52684043,protrump
1763,0.37205603466666665,antitrump
1764,0.4963512325,antitrump
1765,0.70260379,protrump
632,0.028870847,antitrump
1766,0.93124062,protrump
1767,0.497287285,antitrump
1768,0.02625975,antitrump
1769,0.7884258862000001,protrump
1770,0.12536219,antitrump
1771,0.934484875,protrump
1772,0.055377882,antitrump
1773,0.4063561416666667,antitrump
1774,0.47341436865000003,antitrump
1775,0.35820645,antitrump
1776,0.96543187,protrump
1777,0.97496036,protrump
1778,0.7072979599999999,protrump
647,0.3331093978333333,antitrump
1779,0.08185096,antitrump
1780,0.0408898365,antitrump
1781,0.21751018,antitrump
1782,0.07875907,antitrump
1783,0.97018886,protrump
1784,0.9939482,protrump
1785,0.76998486,protrump
1786,0.92469001,protrump
1787,0.9921485,protrump
1788,0.9917041,protrump
1789,0.054549,antitrump
651,0.3706595884,antitrump
1790,0.6654840999999999,protrump
652,0.4764225045925925,antitrump
1791,0.16318848654545454,antitrump
1792,0.97824318,protrump
654,0.3301325500666667,antitrump
1793,0.6202844479999999,protrump
658,0.3448950073703703,antitrump
1794,0.30178422,antitrump
1795,0.9843136999999998,protrump
1796,0.12060053800000001,antitrump
1797,0.9472639000000002,protrump
1798,0.3690251786,antitrump
1799,0.955557515,protrump
1800,0.98681146,protrump
1801,0.6307193,protrump
665,0.9912546999999998,protrump
1802,0.8412646138750001,protrump
1803,0.0260817225,antitrump
1804,0.7511966542857141,protrump
1805,0.42907829,antitrump
1806,0.35250855,antitrump
671,0.2870087196697675,antitrump
1807,0.9960963,protrump
1808,0.478847077,antitrump
1809,0.6197313933030302,protrump
1810,0.481698155,antitrump
1811,0.8667241111764705,protrump
1812,0.4624263825,antitrump
678,0.5388600680625001,protrump
1813,0.9747668,protrump
1814,0.95094734,protrump
1815,0.993821825,protrump
1816,0.6447070103333333,protrump
1817,0.9385315342857145,protrump
1818,0.020177437,antitrump
1819,0.9822295,protrump
1820,0.5025688415,protrump
1821,0.98415406,protrump
683,0.9617326152380952,protrump
1822,0.50239625,protrump
1823,0.249511294125,antitrump
1824,0.99648786,protrump
1825,0.8446579355555555,protrump
1826,0.5087860329999999,protrump
1827,0.9727228866666668,protrump
690,0.9659533775,protrump
1828,0.9692858,protrump
1829,0.058196884,antitrump
1830,0.0686211,antitrump
1831,0.6882433134999999,protrump
1832,0.043670814,antitrump
694,0.018698113,antitrump
1833,0.5633684824999999,protrump
1834,0.93630421,protrump
1835,0.419724285,antitrump
1836,0.9805732742857144,protrump
1837,0.8043640000000001,protrump
1838,0.4966267248333334,antitrump
696,0.6682194057320001,protrump
1839,0.9795216,protrump
1840,0.83109965,protrump
1841,0.9888154,protrump
704,0.828673471,protrump
1842,0.585416795,protrump
1843,0.9461586666666668,protrump
1844,0.51000665,protrump
1845,0.925749565,protrump
1846,0.07512396,antitrump
1847,0.8642651525,protrump
1848,0.3762272,antitrump
1849,0.9960764,protrump
1850,0.24066758,antitrump
1851,0.5767307100000001,protrump
1852,0.5051328725,protrump
1853,0.9720314333333334,protrump
714,0.8804143462093021,protrump
1854,0.9706772,protrump
1855,0.8758641725,protrump
1856,0.837554268,protrump
716,0.18414217226666668,antitrump
1857,0.7125048,protrump
1858,0.2341811998,antitrump
1859,0.9865955,protrump
1860,0.9753871,protrump
1861,0.9713656999999999,protrump
1862,0.62680638,protrump
1863,0.9568907,protrump
1864,0.2674949853333333,antitrump
1865,0.4054613232000001,antitrump
1866,0.843996645,protrump
1867,0.20849256,antitrump
729,0.7206162154999999,protrump
1868,0.93338918,protrump
1869,0.0543414695,antitrump
1870,0.99057746,protrump
1871,0.6352260883333334,protrump
731,0.32570964392905993,antitrump
732,0.062995568,antitrump
1872,0.29181096,antitrump
1873,0.0692522,antitrump
1874,0.25067383925000003,antitrump
1875,0.9948143,protrump
1876,0.98831,protrump
1877,0.093187414,antitrump
1878,0.9778992533333334,protrump
1879,0.3790582613333333,antitrump
1880,0.29964074399999996,antitrump
1881,0.9300282,protrump
1882,0.9812712,protrump
1883,0.4511208203333333,antitrump
1884,0.4917909233333335,antitrump
1885,0.98333888,protrump
1886,0.4012513596,antitrump
1887,0.06404280749999999,antitrump
749,0.911162985,protrump
1888,0.26864532,antitrump
1889,0.6502852339999999,protrump
1890,0.4633443283333333,antitrump
1891,0.9271514,protrump
1892,0.5214890033333334,protrump
1893,0.9853357,protrump
754,0.6697545963333335,protrump
1894,0.04046611,antitrump
1895,0.9905612,protrump
1896,0.010568698,antitrump
1897,0.99355906,protrump
1898,0.14432381,antitrump
1899,0.7442947076,protrump
1900,0.11153936316666667,antitrump
762,0.21373977075,antitrump
1901,0.9608296625,protrump
1902,0.038164347,antitrump
1903,0.9958942,protrump
1904,0.908137,protrump
1905,0.44444332,antitrump
766,0.51257721825,protrump
1906,0.4252829723333333,antitrump
769,0.37893931,antitrump
770,0.20549763245357147,antitrump
1907,0.73854487,protrump
1908,0.9938955,protrump
1909,0.0158842,antitrump
1910,0.9589746,protrump
1911,0.862104525,protrump
776,0.5876236166666667,protrump
1912,0.9429727,protrump
1913,0.569507505,protrump
1914,0.84477246,protrump
1915,0.90746653,protrump
1916,0.9905786,protrump
1917,0.47153455,antitrump
1918,0.18646228,antitrump
1919,0.0740102035,antitrump
1920,0.99208915,protrump
788,0.9951626,protrump
1921,0.72206515,protrump
1922,0.94096005,protrump
1923,0.6723042453333333,protrump
1924,0.97129603,protrump
1925,0.50866009125,protrump
1926,0.6735943023333334,protrump
1927,0.412961601,antitrump
1928,0.4869092177857143,antitrump
1929,0.9570106,protrump
1930,0.6565164374,protrump
1931,0.2783216366666667,antitrump
1932,0.3770347311111111,antitrump
801,0.981016205,protrump
1933,0.6301948603333333,protrump
805,0.9857906,protrump
1934,0.5300756241111111,protrump
1935,0.99459547,protrump
1936,0.97376245,protrump
1937,0.458593349,antitrump
1938,0.21018119149999998,antitrump
1939,0.9012079633333334,protrump
1940,0.9726264,protrump
1941,0.477297865,antitrump
1942,0.062188264000000014,antitrump
1943,0.011388629,antitrump
1944,0.9343931333333334,protrump
811,0.21732805833333332,antitrump
1945,0.908664225,protrump
812,0.28610128106451616,antitrump
1946,0.98241925,protrump
1947,0.006482766500000001,antitrump
816,0.5439449528333333,protrump
1948,0.48277666,antitrump
1949,0.987865125,protrump
818,0.5179117907777778,protrump
1950,0.39731100533333336,antitrump
1951,0.5123709682500001,protrump
1952,0.9896484,protrump
1953,0.9929906,protrump
1954,0.9790056166666666,protrump
1955,0.21781388,antitrump
1956,0.990121,protrump
1957,0.12011617333333335,antitrump
836,0.8897513800000001,protrump
1958,0.8118770366666667,protrump
837,0.0418831565,antitrump
838,0.1882480586868132,antitrump
1959,0.969689,protrump
1960,0.98409648,protrump
1961,0.770511395,protrump
1962,0.471745696,antitrump
1963,0.9849807,protrump
1964,0.982272,protrump
1965,0.9867675,protrump
1966,0.18855064,antitrump
1967,0.9496603,protrump
849,0.20299487677777772,antitrump
1968,0.940866915,protrump
1969,0.4341352212,antitrump
1970,0.1769876670571429,antitrump
1971,0.982890725,protrump
1972,0.5312673573333333,protrump
1973,0.6800582114285714,protrump
1974,0.740476248,protrump
1975,0.9546884,protrump
1976,0.99063325,protrump
1977,0.775147225,protrump
1978,0.96368265,protrump
1979,0.6825280144285716,protrump
1980,0.031237729500000002,antitrump
860,0.503341225,protrump
1981,0.996146435,protrump
1982,0.249998296,antitrump
1983,0.4803097277777779,antitrump
1984,0.9237898,protrump
1985,0.9942986,protrump
1986,0.5657136018787879,protrump
873,0.46185739299999995,antitrump
1987,0.99436617,protrump
1988,0.061915178,antitrump
1989,0.3193423106666667,antitrump
1990,0.07736331,antitrump
1991,0.3696743916666667,antitrump
1992,0.4977565729374999,antitrump
1993,0.070665665,antitrump
1994,0.9971131,protrump
1995,0.9849983,protrump
1996,0.54649631125,protrump
1997,0.07421425,antitrump
1998,0.880446105,protrump
889,0.52829381,protrump
1999,0.9798253,protrump
2000,0.7396208233333333,protrump
2001,0.98369056,protrump
2002,0.3745053493333333,antitrump
2003,0.98116305,protrump
2004,0.7681528699999999,protrump
2005,0.03779757,antitrump
2006,0.044277690999999994,antitrump
2007,0.7904991,protrump
2008,0.51114714,protrump
2009,0.07673573,antitrump
2010,0.9483028225,protrump
2011,0.98000785,protrump
2012,0.2459523385,antitrump
2013,0.97766143,protrump
2014,0.97517425,protrump
2015,0.86247372825,protrump
2016,0.03563647,antitrump
2017,0.4270774734545455,antitrump
2018,0.34347711725,antitrump
2019,0.020019554,antitrump
911,0.726228836,protrump
2020,0.14619720000000005,antitrump
2021,0.9753603866666666,protrump
2022,0.5125804924999999,protrump
2023,0.98761235,protrump
2024,0.975350725,protrump
2025,0.9840239,protrump
2026,0.9222531684210524,protrump
916,0.032352783,antitrump
918,0.2505971816666667,antitrump
2027,0.9899076,protrump
2028,0.6449173246842106,protrump
2029,0.9618322,protrump
2030,0.7632406199999999,protrump
2031,0.9887871,protrump
921,0.5000381415,protrump
2032,0.061347842,antitrump
2033,0.97479224,protrump
2034,0.32839713,antitrump
2035,0.05425174,antitrump
2036,0.4608880014,antitrump
926,0.19426497,antitrump
2037,0.3181339758666667,antitrump
2038,0.812937192,protrump
928,0.5146827129999999,protrump
931,0.5525129000000001,protrump
2039,0.7874621194705882,protrump
2040,0.9974015,protrump
2041,0.7647439733333332,protrump
2042,0.99294937,protrump
2043,0.9901121,protrump
943,0.7971098142912622,protrump
2044,0.340219,antitrump
946,0.95797015,protrump
2045,0.6469276811111111,protrump
2046,0.731331925,protrump
949,0.4752250164999999,antitrump
2047,0.12347384,antitrump
2048,0.46006750175,antitrump
2049,0.8359527725,protrump
2050,0.89204721,protrump
2051,0.5768771767647058,protrump
2052,0.970041,protrump
2053,0.8309188925000001,protrump
958,0.7747906714482758,protrump
960,0.6337016443611109,protrump
2054,0.37599722,antitrump
2055,0.052100477666666666,antitrump
2056,0.97960436,protrump
2057,0.9556603933333334,protrump
968,0.20189525844262293,antitrump
2058,0.97467154,protrump
2059,0.8287964478571429,protrump
2060,0.629199195,protrump
2061,0.533225251125,protrump
971,0.2916294181046876,antitrump
2062,0.97603273,protrump
2063,0.2763266620000001,antitrump
2064,0.34644084666666664,antitrump
2065,0.983953685,protrump
2066,0.97816616,protrump
973,0.3696684083571429,antitrump
2067,0.03280812,antitrump
2068,0.1170855,antitrump
2069,0.041613918,antitrump
2070,0.09582004,antitrump
974,0.5796209753285714,protrump
975,0.6339642637857142,protrump
2071,0.6514761455454545,protrump
2072,0.6555551666666666,protrump
2073,0.517354113,protrump
2074,0.9863213125,protrump
2075,0.99165,protrump
2076,0.97415538,protrump
2077,0.03919401,antitrump
2078,0.97366411,protrump
979,0.5033999617030303,protrump
2079,0.44317836299999996,antitrump
2080,0.7855158,protrump
2081,0.73622732,protrump
2082,0.5093678500000001,protrump
2083,0.98359674,protrump
2084,0.9879909,protrump
987,0.6550196660000001,protrump
2085,0.3430476826666667,antitrump
2086,0.9937742,protrump
2087,0.97181165,protrump
2088,0.3155987416666666,antitrump
2089,0.22316739,antitrump
2090,0.97740334,protrump
992,0.03577072086333335,antitrump
2091,0.98678476,protrump
2092,0.027692815,antitrump
2093,0.97326375,protrump
2094,0.6655837169318183,protrump
2095,0.089769915,antitrump
2096,0.95262283,protrump
1001,0.2621129508888889,antitrump
2097,0.9846727825,protrump
2098,0.9935921999999998,protrump
2099,0.6088373460000001,protrump
2100,0.07824360000000001,antitrump
2101,0.9837306999999998,protrump
2102,0.061213844,antitrump
2103,0.02254325,antitrump
2104,0.47191834,antitrump
2105,0.95837814,protrump
2106,0.33871253612,antitrump
2107,0.9036914833333332,protrump
2108,0.988156925,protrump
2109,0.08389065400000001,antitrump
2110,0.0762862,antitrump
2111,0.5392197116999999,protrump
1015,0.9786550283333334,protrump
2112,0.03875245386666667,antitrump
2113,0.3269521583333333,antitrump
2114,0.7782661500000001,protrump
2115,0.020791987,antitrump
1017,0.8436918999999999,protrump
2116,0.7609787450000001,protrump
1018,0.5732042544285715,protrump
2117,0.46580523,antitrump
2118,0.0220063585,antitrump
2119,0.5264086663333333,protrump
2120,0.3332876477200001,antitrump
2121,0.5657630475000001,protrump
1026,0.4511134820000001,antitrump
2122,0.3229985617142857,antitrump
2123,0.557024159,protrump
2124,0.256640645,antitrump
2125,0.5167605876470587,protrump
2126,0.9949391133333334,protrump
2127,0.05269065,antitrump
2128,0.97316695,protrump
2129,0.994819,protrump
2130,0.995381,protrump
1039,0.7307564765333333,protrump
1047,0.98054298,protrump
2131,0.09553713,antitrump
1049,0.1898971551051852,antitrump
2132,0.9339926,protrump
2133,0.019755205,antitrump
1054,0.5111022978461539,protrump
2134,0.293232488,antitrump
2135,0.892154395,protrump
2136,0.972570835,protrump
2137,0.9807405,protrump
2138,0.59479790368,protrump
2139,0.9884149999999999,protrump
1055,0.29032139608461555,antitrump
2140,0.10729692,antitrump
2141,0.5504013025,protrump
2142,0.7259602997500001,protrump
2143,0.9086325,protrump
2144,0.1303928305,antitrump
2145,0.012101087,antitrump
2146,0.9081334077777776,protrump
2147,0.548945199406,protrump
2148,0.048648249000000005,antitrump
2149,0.9523677,protrump
2150,0.029215995,antitrump
2151,0.4976143945,antitrump
2152,0.583922415,protrump
2153,0.15050115,antitrump
2154,0.6793637650000001,protrump
1072,0.3323990439391304,antitrump
2155,0.3096653175,antitrump
2156,0.9957345,protrump
1075,0.6172813461538461,protrump
2157,0.96802058,protrump
2158,0.019207457,antitrump
2159,0.9974299,protrump
2160,0.018880603,antitrump
2161,0.3578603573333333,antitrump
2162,0.9560301075,protrump
2163,0.96725744,protrump
2164,0.21040739571428568,antitrump
1089,0.99176064,protrump
1090,0.684206325,protrump
2165,0.164351941125,antitrump
1091,0.6747505762727273,protrump
2166,0.9820135,protrump
2167,0.93725204,protrump
2168,0.5269297615,protrump
2169,0.21270945,antitrump
2170,0.512799024,protrump
2171,0.35340521900000005,antitrump
2172,0.99097323,protrump
2173,0.7823272509999999,protrump
2174,0.014874016,antitrump
2175,0.9132746999999999,protrump
1102,0.57020651,protrump
2176,0.021440487,antitrump
2177,0.86029905,protrump
2178,0.09068068,antitrump
1105,0.2160827676764706,antitrump
2179,0.9939861,protrump
1109,0.7281198612500001,protrump
1110,0.4040199311,antitrump
2180,0.4399705007363636,antitrump
2181,0.80383944,protrump
2182,0.989315965,protrump
2183,0.5101520970000001,protrump
2184,0.17483708620000002,antitrump
2185,0.7405884675000001,protrump
2186,0.99553984,protrump
2187,0.7486767093636364,protrump
2188,0.580064189,protrump
2189,0.035157874,antitrump
2190,0.09016383,antitrump
2191,0.356255586,antitrump
2192,0.5107630111724138,protrump
2193,0.020269137,antitrump
1118,0.4089330213333333,antitrump
1119,0.84195641,protrump
2194,0.641441168,protrump
1121,0.3271199074666667,antitrump
1123,0.5128126732124999,protrump
2195,0.5788237783333333,protrump
2196,0.9868826,protrump
2197,0.9782893133333334,protrump
2198,0.96884197,protrump
1126,0.014658721,antitrump
2199,0.150494595,antitrump
2200,0.9098495679999999,protrump
1129,0.3982704608846153,antitrump
2201,0.9746995784615384,protrump
2202,0.0049511753,antitrump
2203,0.97565585,protrump
2204,0.081974655,antitrump
2205,0.008326308000000001,antitrump
2206,0.7038311850000001,protrump
2207,0.9640005,protrump
2208,0.7280764166666667,protrump
2209,0.9867437,protrump
2210,0.956179046,protrump
1134,0.4826100324516128,antitrump
2211,0.97764895,protrump
2212,0.97929102,protrump
2213,0.5395337936250001,protrump
2214,0.7790005592857142,protrump
2215,0.8742247999999999,protrump
2216,0.36646889,antitrump
1144,0.7156514641538464,protrump
2217,0.98467666,protrump
2218,0.5321678722727273,protrump
2219,0.319502755,antitrump
2220,0.85831345,protrump
2221,0.050205273333333335,antitrump
2222,0.9905605,protrump
2223,0.48520577237499996,antitrump
2224,0.07781552,antitrump
2225,0.417372587,antitrump
2226,0.8836947746666666,protrump
1154,0.469294307625,antitrump
2227,0.17504641,antitrump
2228,0.505593795,protrump
2229,0.030500693,antitrump
2230,0.4711266475000001,antitrump
2231,0.5413844324545454,protrump
2232,0.99743587,protrump
1157,0.6598066966666667,protrump
2233,0.50237532725,protrump
2234,0.98874426,protrump
2235,0.10887563,antitrump
2236,0.02842665,antitrump
2237,0.5345382504615384,protrump
2238,0.2762065041,antitrump
2239,0.98360217,protrump
2240,0.17285046999999998,antitrump
1169,0.30937414738888885,antitrump
2241,0.957815,protrump
1171,0.36353785,antitrump
2242,0.52506578,protrump
2243,0.9423005,protrump
2244,0.044548992,antitrump
2245,0.995978,protrump
2246,0.5066968665,protrump
2247,0.9501033999999999,protrump
2248,0.9943674,protrump
2249,0.9950545,protrump
2250,0.091879874,antitrump
2251,0.9563077,protrump
2252,0.98279923,protrump
2253,0.031274431,antitrump
2254,0.98642296,protrump
2255,0.40734158333333337,antitrump
1190,0.6013520332500001,protrump
2256,0.979707685,protrump
2257,0.4294424324,antitrump
2258,0.78656344,protrump
1191,0.6296078192499999,protrump
2259,0.03636246,antitrump
2260,0.87378806,protrump
2261,0.96738487,protrump
2262,0.035816774,antitrump
2263,0.9856758,protrump
2264,0.9840742925,protrump
2265,0.9969893,protrump
1200,0.40787296019047625,antitrump
2266,0.9913789,protrump
2267,0.8058297163333333,protrump
2268,0.8834318999999999,protrump
2269,0.9893008,protrump
2270,0.5125463403333334,protrump
2271,0.06834044,antitrump
2272,0.8891623375000001,protrump
2273,0.97322345,protrump
2274,0.8582858699999999,protrump
2275,0.4532767966666667,antitrump
2276,0.9808855271428571,protrump
2277,0.4860155,antitrump
2278,0.9864543,protrump
1211,0.78737320045,protrump
2279,0.9632855,protrump
2280,0.5604217600000001,protrump
2281,0.063938044,antitrump
2282,0.9921721,protrump
1221,0.6357230831818182,protrump
2283,0.7407252,protrump
2284,0.4237142219276317,antitrump
2285,0.513599015,protrump
2286,0.402991424375,antitrump
2287,0.42934266918333336,antitrump
2288,0.98639214,protrump
1232,0.07901550211111111,antitrump
2289,0.3364266093333333,antitrump
2290,0.086644515,antitrump
1237,0.40034956755,antitrump
2291,0.007864401,antitrump
2292,0.9853549,protrump
2293,0.9980013,protrump
2294,0.935523,protrump
2295,0.85456634375,protrump
2296,0.019559689,antitrump
2297,0.79987818,protrump
2298,0.063603539,antitrump
2299,0.6706019923333333,protrump
2300,0.05662661400000001,antitrump
1245,0.261411945,antitrump
2301,0.026390411000000003,antitrump
2302,0.9565927,protrump
2303,0.48232326125,antitrump
2304,0.017770093,antitrump
2305,0.4962999598333333,antitrump
2306,0.95780593,protrump
2307,0.93427694,protrump
2308,0.07046217,antitrump
2309,0.9299793,protrump
1253,0.3966797995555556,antitrump
2310,0.8076076025000002,protrump
2311,0.9671726533333334,protrump
2312,0.3494047763333334,antitrump
2313,0.10055735433333336,antitrump
2314,0.19781901166666666,antitrump
2315,0.5371529454545455,protrump
2316,0.50457102575,protrump
2317,0.990047315,protrump
2318,0.19938299,antitrump
2319,0.500273812,protrump
2320,0.521744752,protrump
2321,0.1520693874285714,antitrump
2322,0.3663028054444444,antitrump
2323,0.9680566999999999,protrump
2324,0.8801866233333332,protrump
2325,0.016093403,antitrump
2326,0.98639244,protrump
2327,0.9367387066666666,protrump
