from_id,to_id,weight
7518,5409,1
4996,8115,8
4996,6855,4
4998,7747,2
4998,5806,1
5002,8281,1
5002,8289,2
5002,5806,1
5002,7712,1
5002,8599,2
5002,6182,2
5002,7155,1
5002,8360,1
5002,8330,3
5002,7765,1
5002,7578,1
5002,373,6
5002,8205,1
5002,8270,1
5002,8470,1
5002,8484,1
5002,7530,2
5002,5594,2
5002,5465,1
5002,7551,1
5002,7621,2
7522,6953,1
7522,5059,1
7522,6520,1
7522,7893,1
7522,5560,6
7522,5260,1
7522,7903,1
7522,6150,1
7522,7699,1
7522,8553,1
7522,8507,1
7522,5299,1
7522,7930,1
5005,8168,1
5005,6936,1
5005,8240,1
7525,8413,1
6449,5835,1
6449,5284,1
6449,7616,1
7526,6943,1
7527,5231,1
7527,5693,1
7527,6008,1
7527,8236,1
7527,7582,1
7527,8413,1
7527,5984,1
7527,7547,1
7527,6258,1
7527,8279,1
7527,5874,2
7527,7689,1
7527,5347,1
7527,5315,4
7527,8298,1
7527,7172,1
7527,5299,3
7527,6231,1
7527,8157,1
7527,7717,1
7527,7806,2
7527,6505,1
7527,7634,1
7527,6206,4
7527,7644,2
7527,5288,2
7527,7702,1
7527,8524,1
7527,7895,1
7529,8589,1
7529,8382,7
7530,8591,1
7530,8201,4
7530,5960,1
5014,7758,5
5014,8226,4
5014,7756,3
5014,7778,3
5014,7557,1
5014,7581,1
5014,5570,1
7530,5014,1
5014,7607,1
5014,8099,1
5014,5125,1
5014,5806,1
5014,1105,1
7532,7919,1
7533,5069,1
7533,8105,1
5019,5299,2
7918,5831,3
7622,5831,2
5831,6342,5
7980,5831,2
5831,8562,2
7537,7837,2
7537,7653,1
7537,7757,1
7538,7792,1
7538,8581,1
7538,8395,1
7540,5059,1
8130,6350,2
5035,5213,2
5035,7740,2
5035,5059,4
5035,6741,5
5035,6724,1
5035,8325,1
5035,5982,1
5035,5081,4
5035,8023,1
5035,5395,2
5035,8295,1
5035,8286,2
5035,7939,1
5035,8105,1
5035,7947,1
5035,6261,1
5035,8010,2
5035,7943,1
5035,5628,1
5035,8055,1
5035,6150,1
5035,7863,1
5035,8066,1
5035,8454,1
5035,8025,1
5035,6008,1
5035,7974,2
5035,8061,1
8134,6395,1
7547,5722,7
7547,7671,1
7547,7924,1
5715,8135,2
5693,8136,1
8136,8395,2
7552,7837,1
7552,8241,1
7553,5409,2
7554,6030,2
7555,6608,1
7555,8014,1
7555,8089,2
7555,8442,1
7555,7837,2
7555,7617,1
7555,8337,1
7555,8054,3
7555,7560,1
7555,7654,1
6482,8289,2
6482,8068,1
6482,7617,3
6482,7578,1
7559,5352,2
5848,8519,1
8058,5848,2
5743,5848,1
5848,8413,1
5315,5848,2
7527,5848,1
5848,6231,1
5848,8339,1
7784,5848,1
5848,6206,3
5848,8495,1
5328,7104,1
5655,7104,2
7560,8054,1
7560,7703,3
7560,7888,1
4264,8285,1
4264,6585,2
4264,8490,1
4264,5081,2
4264,5352,2
7561,8280,2
5050,6429,1
5154,7105,2
7957,7105,1
5794,7105,4
8089,7105,1
6608,7105,1
7811,7105,1
7105,8427,1
5678,7105,1
7808,7105,1
5273,7105,1
7105,8327,1
5209,7105,1
7998,7105,1
7563,8412,1
7563,7128,1
7563,5579,1
7563,5991,2
7563,5284,1
7563,5153,1
7563,7847,2
7563,5328,2
7563,8176,2
7563,8091,1
7564,8208,1
7564,7877,1
7564,7719,1
5059,5081,34
5059,6953,2
5059,8115,3
5059,8319,1
5059,5628,8
5059,7641,1
5059,6161,3
5059,8149,4
5059,8040,1
5059,6289,5
5059,8553,3
5059,8044,1
5059,7688,1
5059,7274,6
5059,8158,1
5059,8531,1
5059,6989,5
5059,5260,3
5059,6855,6
5059,5400,2
5059,7896,6
5059,5644,2
5059,6150,3
5059,7728,1
5059,7893,2
5059,5380,3
5059,8063,2
5059,5984,3
5059,8420,1
5059,5213,3
5059,7915,1
5059,6062,3
5059,7016,1
5059,7597,4
5059,8094,1
5059,5947,1
5059,8055,1
5059,8383,3
5059,8436,3
5059,1372,1
6488,8450,1
6488,7104,1
6488,5999,1
6488,7655,1
6488,8004,1
6488,7973,1
8144,8398,1
5364,8144,1
8033,8145,1
8072,8145,1
7962,8145,1
8145,6060,1
7538,8145,1
5143,8145,1
5081,8145,1
8145,8147,2
5409,5857,2
5857,6249,1
5857,6421,1
5857,7252,1
5579,5857,1
5857,6334,2
5284,5857,2
8088,5857,1
7847,5857,3
7981,5857,1
5857,6242,1
8113,5857,1
5857,6121,1
8137,5857,1
5857,8563,2
5857,5991,1
5857,8271,2
5059,7566,2
7566,7679,1
7566,6361,1
7566,8345,4
7566,6522,2
7568,6539,3
7568,8201,1
7918,8146,1
8146,8153,1
5209,8146,2
8146,8399,1
8146,7194,3
5794,8146,1
8146,6342,3
7570,5315,1
7570,8396,4
5628,8147,1
8105,8147,1
5066,7957,1
5066,8067,1
5066,7661,1
5066,5907,1
5066,6017,1
5066,5963,1
5066,6327,2
5066,5346,1
8149,8435,1
8149,5947,1
7641,8149,1
6689,8149,1
8149,8541,1
2385,8149,1
7939,8149,1
8149,8229,1
8149,8214,1
5081,8149,6
8149,6289,2
5569,8149,1
8149,6150,1
7764,8150,1
7932,8150,1
7742,8150,4
8150,8432,1
5071,8381,1
5071,7667,2
8070,8152,3
8152,8494,3
8152,7460,1
7696,8152,1
8152,8201,1
8152,6350,1
8080,8152,1
8079,8152,2
8152,8335,2
7805,8152,1
7901,8152,1
7835,8152,1
8059,8152,1
7796,8152,1
5125,8152,2
373,8152,4
1477,8152,2
8154,8378,1
5081,8154,1
8154,8554,4
5708,8154,4
7751,8154,4
8154,8565,1
8154,8312,1
5693,8154,1
7986,8154,1
419,8154,2
7573,7578,4
7573,5125,2
7574,6289,3
7574,8559,1
7574,8589,1
5059,7574,3
7574,5413,1
7577,7899,4
7944,5825,2
5096,5825,3
7757,5825,4
5081,7819,3
5081,5807,1
5081,5824,3
5081,7657,4
5081,8033,1
5081,7814,2
5081,7601,1
5081,5628,2
5081,8038,1
5081,6289,10
5081,6689,1
5081,7962,7
5081,5982,5
5081,8286,4
5081,8553,10
5081,8541,1
5081,8597,2
7540,5081,1
5081,8378,1
5081,2385,5
5081,7274,4
5081,7911,1
5081,7848,1
5081,8158,1
5081,6520,1
5081,5213,8
5081,7705,1
5081,5260,9
5081,7896,3
5081,7592,1
5081,6161,3
5081,6150,2
5081,7728,1
5081,7864,1
5081,6060,1
5081,7893,2
5081,5352,4
5081,8105,1
5081,5729,9
5081,7947,1
5081,8229,1
5081,7016,2
5081,8284,1
5081,6307,4
5081,8420,1
5081,5947,1
5081,6855,3
5081,5604,2
5081,8007,2
5081,7840,1
5081,7731,1
5081,8062,2
5081,5799,2
5081,7754,1
5081,8533,1
5081,8556,2
5081,5620,1
5081,8383,1
6505,8493,1
5081,6505,1
6505,7903,1
6505,7665,1
7538,6505,1
6505,5628,1
7572,6505,1
6505,6206,2
6505,7843,1
8105,8158,1
8138,8158,1
7583,5284,2
5153,8159,4
8159,6334,1
2385,5915,3
7982,5872,1
5872,8202,1
5872,8407,1
5097,5872,1
7639,5872,3
5389,5872,1
5284,5872,8
8035,5872,2
5872,6414,4
7922,5872,2
5647,5872,1
5872,8188,1
5145,5872,2
7638,5872,1
5722,5872,1
7616,5872,1
7837,5872,5
5872,6342,2
5229,8161,1
5059,8162,1
8162,7397,1
8162,6030,1
7585,6163,1
7585,8337,1
7587,5389,1
7587,6093,3
7587,7847,2
7587,8210,3
7587,5631,1
7587,7733,1
7578,5516,3
7578,7853,2
5096,7846,1
5096,5209,18
5096,5462,3
5096,6936,5
5096,7780,1
5096,5614,2
5096,7963,1
5096,7837,5
5096,5273,1
5096,7836,2
5096,8192,1
5096,8545,1
5096,6342,12
5096,8014,4
5096,7985,1
5096,7704,2
5096,8381,1
5096,8000,1
5096,6204,1
5096,7839,1
5096,5544,1
5096,8496,1
5096,7875,2
5096,482,3
5005,5096,1
5096,6017,9
5096,7794,1
5096,8398,1
5096,7957,3
5096,8235,1
5096,7811,1
5096,8405,1
5096,8472,1
5096,7745,1
5096,5346,1
5096,6304,3
5096,8601,1
5096,6250,1
5096,5266,2
5096,5364,1
5096,7926,1
5096,7622,3
5096,8241,1
5096,7891,1
5096,8562,2
5096,8452,1
5096,5678,5
5096,7894,1
5096,8571,1
5096,7880,1
5096,6672,2
7567,5096,2
5096,7618,2
5096,7832,1
5096,7885,2
5096,6142,1
5096,8089,2
5096,6348,2
5096,5930,2
5096,8067,1
5096,7898,1
5096,8146,2
5096,7628,1
5096,8076,1
5096,7998,1
5096,7715,1
5096,5154,2
5096,7900,1
5096,7757,1
5096,8174,1
5096,8179,1
5874,8554,1
5288,5874,1
5874,8465,1
7589,5315,5
7589,8190,1
7589,8058,1
7589,6206,2
5097,5409,1
5097,7981,2
5097,5284,4
5097,6414,1
5097,5991,1
5097,6093,2
5097,6242,1
5097,8477,1
5097,7919,1
5097,8534,1
5097,8175,2
7590,8599,1
5409,7128,3
7128,8329,1
7936,7128,3
5284,7128,1
7128,8259,1
6520,8072,1
6520,7801,1
6522,5284,3
6522,5524,2
6522,6414,4
6522,8210,1
6526,7666,9
6526,5213,1
5096,8168,1
8170,6395,3
5284,8171,2
8171,8244,4
8171,8280,2
5153,8171,1
8085,8171,1
7596,7853,37
7596,7758,11
5107,7860,1
5107,6826,1
7597,6289,3
7597,7940,1
7597,6724,1
7597,8186,3
7597,7688,1
7597,8002,2
7597,6855,1
5081,7597,1
7597,8597,3
7597,7016,1
7597,8420,1
7597,5644,2
7597,8341,1
7597,7754,4
7597,7840,2
7597,8105,3
6531,5872,1
6531,6342,1
6531,7837,1
6533,5347,1
6533,8333,1
6533,5693,1
6533,5315,4
6533,5288,1
6533,8217,1
6533,8413,1
6533,8409,1
6533,5186,1
6533,7759,1
6533,7817,1
6533,5848,1
6533,7717,2
6533,8061,1
7598,7751,5
7599,8148,1
7599,6175,1
7599,8212,2
7599,8505,2
7599,8135,1
5231,5889,1
7823,5889,1
5889,8581,1
8107,5889,1
7767,5889,1
6621,5889,1
7613,5889,1
5889,8565,4
5889,8385,1
5889,6030,1
7930,5889,1
7909,8175,1
8175,6311,1
5872,8175,2
5771,8175,1
8175,8450,1
7566,8175,1
8175,6398,1
5576,8175,1
5454,8175,1
7627,8175,2
8175,8194,1
8175,6242,1
7739,8175,1
8085,8175,4
8175,6395,3
7616,8175,3
5631,8175,1
5677,8175,1
8175,8336,1
5153,8175,3
7583,8175,1
8175,8407,1
7532,8175,1
8175,8534,2
5414,8175,2
8028,8175,1
6539,8351,1
6539,482,4
6539,5209,3
6539,7647,1
6539,8042,3
6539,7194,1
6539,6891,2
5409,8176,1
7604,8014,1
7604,7966,1
7604,5273,1
373,8177,1
8177,8577,3
8003,8177,3
5806,8177,2
5570,8177,1
8177,7155,1
8177,8334,3
7548,8177,1
7998,8179,1
7606,5209,1
7606,7812,1
5124,8405,1
5124,373,1
5124,7883,1
5124,8177,1
5125,373,3
5125,8353,1
5125,5570,1
5125,8141,1
5125,7949,1
5125,6158,1
5125,8226,4
5125,8117,1
5125,8350,1
5125,6111,1
5125,8016,1
5125,8487,1
5125,8260,2
5125,5806,1
7530,5125,1
5125,7855,2
7575,5125,1
8181,8478,1
5806,8181,1
7928,8182,5
5128,8058,13
7579,8301,2
7579,7904,2
6608,5907,1
5907,8442,1
5086,5824,2
5086,8605,1
5086,8071,1
5086,8579,1
5086,7962,1
5086,7939,1
5059,5086,1
5086,1372,1
7847,8156,1
5722,8156,1
8156,8167,1
5153,8156,1
5631,8156,1
7611,6030,1
7611,7644,1
5130,6289,5
5130,8286,2
5130,8055,4
5130,7705,1
5130,5586,1
5130,5260,1
5081,5130,1
5130,8553,1
5130,7274,2
4998,7155,1
7614,5409,3
7614,5414,1
7614,8412,1
7614,5991,1
7566,7614,1
7614,5722,1
7587,7614,1
7614,7955,3
7614,8500,1
7614,5579,1
7614,7861,3
7614,7733,1
7614,5655,1
7532,7616,1
7616,5771,2
5055,7616,1
7616,8412,1
7616,8426,1
7616,8210,1
7616,7925,1
7616,7639,1
7616,5991,1
7616,8233,4
7616,5389,5
7616,6069,1
7616,5327,1
7616,5409,2
7616,8481,1
7616,8407,4
7616,7676,1
7616,8170,1
5097,7616,1
7608,7616,1
7616,7627,1
7616,8458,1
7616,6047,2
7616,5145,1
7616,5524,2
7583,7616,1
7616,6334,4
7616,8534,2
7616,5284,3
7616,8028,1
6550,6342,1
5284,8184,1
6720,8184,1
8184,8500,3
7733,8184,1
8184,5991,1
5059,8185,1
7612,5284,4
7619,5409,1
7619,6334,1
7619,7981,5
7619,5677,2
7619,8426,1
7619,5284,2
7619,5991,2
7619,5389,1
7619,8266,1
7619,7972,1
7619,8137,1
7532,7619,1
7619,7638,1
7619,8085,1
7641,8186,1
5035,8186,1
5435,8186,2
6724,8186,1
8186,8378,1
5628,8186,1
8186,8357,1
7992,8186,1
5081,8186,1
8186,6150,1
7016,8186,1
5413,8186,1
5560,8186,1
8055,8186,1
7699,8186,1
5059,5915,2
5915,8436,1
7940,5915,1
8002,5915,2
7962,5915,2
5915,8559,1
5915,8556,1
7902,5915,1
5081,5915,2
5260,5915,1
8027,5915,1
5915,6261,1
5915,7492,1
5915,6161,1
5915,6150,1
8075,5915,1
5352,5915,1
5213,5915,5
5143,6150,1
5059,5143,2
7574,5143,1
5143,7992,1
5143,8072,1
5143,8589,1
5081,5143,1
5143,8341,1
5143,7840,1
5143,8055,1
5145,8259,1
5145,8407,1
5145,8170,1
5145,6069,2
5145,8202,2
5145,7664,1
5145,5409,2
5145,7861,1
5145,5153,1
5145,5722,1
8188,6311,3
7622,6234,1
7622,7816,2
7622,8543,1
7622,7869,12
1372,7785,1
1372,8286,3
7623,8174,1
5199,8191,2
5273,8192,2
7705,8194,1
8194,8533,1
7128,8194,1
8194,8210,2
7595,8194,1
8194,6121,1
7733,8194,1
5722,8194,1
7626,8099,1
7626,7744,1
7627,5524,1
7627,7680,1
7627,8301,2
7627,5414,1
7627,8035,1
6672,5924,1
6936,8196,1
8058,8197,3
5288,8198,2
8198,6300,12
7532,8199,1
8199,6361,1
8199,8210,1
8199,8259,1
5389,8199,1
7901,5929,1
5153,5631,1
5153,7733,3
5153,7909,1
5153,5677,5
5153,8410,1
5153,5284,1
5153,6069,4
5153,5655,5
5153,5454,3
5153,8210,2
5153,6311,1
5153,5872,1
5153,5255,1
5153,8481,1
6449,5153,1
5153,7919,1
5153,6249,1
5153,7972,1
5153,7861,3
5153,5722,1
5153,8085,1
5153,5756,1
5153,5409,3
5153,6047,3
5153,8199,2
5154,5930,1
6608,5930,2
7745,5930,1
8014,5930,1
7998,5930,1
5930,6354,1
7758,8201,3
5570,8201,2
8201,8573,6
5284,8202,1
7629,8161,1
7629,6017,1
7629,7757,7
7629,5963,1
5154,8381,4
5154,8324,4
5154,6017,1
5154,8304,1
5231,8208,1
7636,8261,3
7637,8222,1
7637,3644,6
7637,8226,6
7637,7866,3
7638,7128,1
7638,5515,1
5937,8458,1
5414,8210,1
5284,8210,3
5454,8210,1
8210,6395,1
5389,8210,2
8210,6242,1
5660,8210,1
5872,8210,1
8210,6339,1
5097,8210,1
8085,8210,2
7576,8210,1
8175,8210,1
8211,6429,3
7689,8213,2
7639,5576,2
7639,5948,1
7639,5409,1
7640,8026,2
7640,8106,3
7640,7853,2
5213,8214,5
7641,7645,1
7645,8341,1
7646,5449,2
7647,7888,1
8219,8241,1
5601,8219,2
7649,8212,1
7651,6017,1
7651,8076,1
8032,8221,2
5628,5947,5
5435,5947,3
5947,8537,1
5947,6289,1
5284,5948,1
7909,5948,1
5948,6261,1
5722,5948,4
5948,8407,1
6488,5948,1
8019,5948,2
5548,8222,1
6585,7792,1
6585,5213,2
6585,5435,9
6585,5260,1
6585,5644,3
6585,8344,1
7653,8241,1
5066,7653,1
7653,8381,3
8058,8224,2
7867,8224,4
7655,5655,3
8226,8520,1
8083,8226,1
8106,8226,1
8226,8444,2
8032,8226,1
5806,8226,2
7953,8226,1
8108,8226,1
7747,8226,1
8226,8337,2
8226,6158,2
7975,8226,1
8226,8261,1
8226,8422,1
8226,8368,1
8117,8226,1
7873,8226,1
5548,8226,1
7709,8226,1
3644,8226,4
8226,8228,1
7872,8226,2
8226,8432,2
8181,8226,1
5570,8226,1
8226,8532,2
8226,8587,1
8132,8226,1
8226,6254,1
7758,8226,1
8226,6354,1
8226,8538,1
7802,8226,2
7657,5729,2
7659,7864,2
7659,7785,2
5186,7823,1
5186,6206,4
5186,8566,1
5186,7753,1
7661,7816,1
7661,8089,1
5188,7701,1
5188,5771,2
5188,6720,1
6449,5188,1
5188,8407,2
5188,8199,1
6608,7816,7
7641,6289,1
7894,7194,2
7194,6017,1
7665,5799,1
7667,8192,2
7667,6017,1
7667,8050,1
7667,7757,3
8233,7279,1
8233,8410,1
5284,8233,2
8210,8233,1
8233,8585,1
8233,6334,3
7732,8233,1
8233,8266,1
7676,8233,1
6943,8233,3
5524,8233,3
5660,8233,2
5788,8233,3
8142,8233,1
5389,8233,1
7668,7762,1
7672,6204,3
7674,7690,2
6615,6621,1
6615,7751,3
6615,5315,1
6615,7172,1
6533,6615,1
7623,8235,1
5154,8235,1
6936,8235,3
8089,8235,1
7529,8235,1
8076,8235,1
8235,8425,2
8014,8235,1
5960,7511,1
5960,8487,2
5960,8365,1
8226,5960,1
7640,5960,2
5506,5963,1
7885,5963,2
7811,5963,1
5963,8324,1
5963,8263,1
5963,8292,1
5199,8045,4
5199,6354,1
7678,8213,1
7678,8565,8
7678,7850,1
7678,5231,1
7678,8008,2
5209,5794,5
5209,8235,1
5209,8250,1
5209,6254,3
5209,7894,10
5209,5930,1
5209,8076,1
5209,8323,2
5209,8399,2
5209,8174,1
7523,8237,1
7644,8564,2
7644,5601,2
5213,7819,2
5213,8033,1
5213,7844,1
5213,6855,3
5213,6307,3
5213,8605,2
5213,7814,2
5213,5380,2
5213,5400,1
5213,7962,2
5213,8559,1
5213,8255,2
5213,8589,1
5213,8328,1
5213,7943,2
5213,7992,2
5213,6378,2
5213,7731,1
5213,5620,3
5213,6062,2
5213,6741,12
5213,7274,3
7682,5806,1
7680,5284,1
7655,7680,1
7680,6413,3
7680,8450,1
8106,8239,29
7836,8241,1
7917,8241,2
5273,8241,1
7715,8241,2
8024,8244,1
5670,8244,1
8035,8244,1
8247,7409,4
5231,8247,2
5229,8545,1
5229,5266,1
5229,8452,1
5231,6206,2
5231,8293,1
5231,7956,1
5231,7791,1
5231,5601,2
5231,8554,1
5231,7250,1
7671,5231,1
5231,8043,1
5231,5347,3
5231,5708,5
7580,5231,1
5231,8415,1
5231,7927,1
5231,7860,1
5231,7935,1
5231,7913,2
5231,8396,1
5231,7736,1
8014,5981,1
5071,5981,1
7688,7492,2
7689,6030,1
7689,5874,1
7689,7409,1
7689,7751,3
5435,5982,2
7792,5982,2
5982,8501,4
7828,5982,1
5348,5982,1
5982,6150,4
5982,6289,7
5644,5982,8
5260,5982,2
7645,5982,1
5130,5982,1
5982,8517,1
5604,5982,1
5059,5982,2
5299,5982,3
8058,5982,1
5982,7274,1
5729,5982,1
8027,5982,1
7731,5982,1
7959,5982,4
7819,5982,1
7690,7834,1
7690,5601,2
7635,7691,1
7691,8364,1
7691,5315,2
8249,6069,1
7837,8250,4
5604,5984,1
5985,8450,1
5153,5985,1
5660,5991,4
7693,7774,1
7693,5806,1
7693,5548,1
7693,8070,2
7698,7936,2
8256,8531,3
7705,8325,1
7705,5628,1
5260,8262,1
8262,6249,2
7709,5806,1
7709,7991,5
7709,5516,2
7709,8580,1
7714,8241,1
7714,7887,1
7653,7714,1
5096,7714,1
7714,8276,1
7714,7869,3
2385,8263,1
5644,8263,1
7938,8263,4
7754,8263,2
7717,6130,2
7717,7397,1
7634,7717,1
7644,7717,1
5255,5414,1
5255,8585,2
5255,7981,7
5255,5991,1
5255,5327,1
5255,7948,1
5255,6047,2
5255,8336,1
5255,5670,1
5255,7861,1
5255,5722,1
6008,8296,1
7692,6008,1
1798,6008,1
7547,6008,1
7759,6008,2
5315,6008,2
8037,6008,1
5791,6008,2
7172,6008,1
7580,6008,1
6008,8592,1
7678,6008,1
7723,5273,1
5209,7723,2
7723,6017,1
7724,5414,3
7645,6666,1
6666,5982,1
6666,7016,1
5059,6666,2
6666,5413,1
6666,8055,2
6666,8553,1
6666,8480,1
7832,8269,2
5963,6017,1
5266,7846,1
5209,5266,1
8270,8322,1
8270,8478,1
7727,7808,1
7555,7727,1
7727,6017,1
8271,8295,1
8271,8531,1
5284,8271,1
5991,8271,1
7728,7016,1
5260,5435,1
5260,8115,1
5260,5413,1
5260,7940,1
5260,8374,1
5260,8428,2
5260,8537,1
5260,6289,3
7610,5260,1
5260,6161,4
5260,5352,1
7729,8222,1
7729,7774,2
7729,7773,1
7729,8363,1
7729,7744,1
6672,7745,1
6672,8399,1
6672,5678,1
7731,8072,2
7733,7016,1
7733,5647,1
7733,6047,3
7733,5284,2
7733,5948,1
7733,8407,1
7733,5409,2
7733,7861,3
7553,7733,1
7583,7733,2
7733,8085,1
7733,8534,1
7733,7931,1
7733,8190,1
7734,8058,13
7734,8396,3
7734,5776,4
8224,6030,1
6030,8519,3
6030,8293,1
7946,6030,1
6030,8298,1
5288,6030,1
8107,6030,1
5592,6030,1
6030,8565,1
6030,8564,3
7706,6030,1
7924,6030,4
7717,6030,1
6030,6206,1
7877,6030,3
6030,8592,1
7974,6030,1
7678,6030,1
7895,6030,1
5315,6030,13
7719,6030,1
6505,6030,1
5275,5284,1
5275,8340,6
6488,5275,1
5275,5295,1
5275,6047,1
5275,7972,1
5275,5631,1
5275,8035,1
5275,5576,1
5275,6342,1
7739,7936,2
6608,7742,1
5279,5348,1
5186,5279,1
5279,7882,3
5279,5315,1
7744,7876,1
7744,8099,1
7746,7985,1
7746,5930,1
7746,7918,1
7746,6017,1
7746,8562,2
7746,5632,1
7746,7808,1
7746,7757,3
7747,8487,1
7737,7747,1
7696,7747,1
7747,8122,1
7551,7747,1
5579,8280,2
5872,8280,1
5389,8280,1
5284,8280,1
5655,8280,1
8156,8280,1
8262,8280,1
5771,8280,1
7861,8280,1
8184,8280,1
8281,8417,2
7751,8293,1
7751,7801,2
7751,7834,3
7751,7791,1
5279,7751,1
7751,5288,3
7751,8372,4
7751,5848,1
7527,7751,1
5231,7751,1
7751,5315,16
7751,8443,1
7751,8298,1
7751,5776,1
7751,7762,1
7751,7843,3
7751,7806,1
7751,6030,1
7751,8061,3
7751,7753,3
7751,5409,1
7751,8395,1
7751,7858,3
7751,7886,8
7751,8524,1
7751,7760,2
7751,8013,1
7751,8396,13
7751,8557,4
7751,5347,1
5284,5647,2
5284,7909,4
5284,8001,10
5284,5409,8
5284,5655,10
7556,5284,1
5284,6421,1
5284,8463,1
5284,8412,1
5284,6361,1
5284,6242,5
5284,5454,3
5284,8065,2
7639,5284,1
5284,5327,1
5284,8021,2
5284,8407,3
5284,6414,7
5284,5991,1
7655,5284,1
5284,8081,2
5284,5771,4
5145,5284,1
5284,5414,3
5284,8035,1
5284,7973,2
5284,8447,6
5284,8085,1
5284,5631,1
5284,7931,11
5284,6943,1
6936,8282,6
5288,8224,1
5288,8066,2
5288,5810,1
7611,5288,1
7546,5288,1
7549,5288,1
5288,5315,2
5288,8581,1
5288,8485,1
5288,7397,1
5288,8160,2
5288,8298,2
5288,6206,5
1477,8141,1
1477,7851,1
1477,7771,5
1477,8393,1
1477,7874,3
4998,1477,1
1477,7888,3
5435,8286,1
8286,8605,1
5628,8286,2
8044,8286,6
7786,8286,1
7016,8286,1
8286,6261,1
4264,8286,1
7735,8286,1
7943,8286,1
5143,8286,1
7959,8286,1
7754,8058,2
7754,7016,1
7754,8010,1
7754,5560,3
7754,5628,4
7757,8089,3
7757,7808,1
7757,5544,1
5066,7757,1
7757,6017,4
7757,7837,1
7757,6342,2
5273,7757,1
7757,7781,1
7757,8562,1
7757,5930,2
7757,7917,1
7757,6204,1
7757,8196,1
5209,7757,1
7757,5963,1
7757,7998,1
7757,5462,1
5154,7757,2
5071,7757,1
7613,5293,1
7758,7842,1
7758,7788,3
7758,7949,1
7758,8358,2
7696,7758,1
7758,8277,1
7758,8150,1
7640,7758,1
7758,7929,2
7758,5570,2
7758,7901,1
7758,8429,3
7758,373,7
7758,6354,1
7760,8298,2
7762,7784,5
8019,8292,2
8192,8292,1
5273,8292,1
8292,8405,1
7593,8292,1
8121,8292,3
5229,8292,1
8292,6350,1
8240,8292,1
5299,8553,1
5299,7829,1
5081,5299,3
5299,8071,1
5299,8378,1
5299,6741,1
2385,5299,1
5299,5628,1
5299,7786,1
5299,8531,1
5213,5299,1
5299,8559,1
7592,5299,1
5299,7905,4
5299,6289,6
5299,7903,1
5299,7016,1
5299,7939,3
5299,8105,1
5059,5299,1
5299,8594,1
5299,6161,1
5299,5915,1
5299,8533,1
5299,8145,1
5299,8396,2
8293,7409,2
8293,8395,1
8298,8519,2
8293,8298,1
7564,8298,1
5601,8298,2
8058,8298,4
7770,8298,3
8298,8317,1
8107,8298,1
8298,8454,1
8298,8565,3
5231,8298,2
7817,8298,1
7570,8298,1
5315,8298,2
8298,6206,2
8298,8390,1
8298,8396,1
8072,7250,1
7250,6150,1
5947,7250,1
5810,7250,1
6008,7250,1
5315,7250,3
7756,5306,1
5306,5806,1
7729,5306,1
7560,5306,1
5306,5582,1
5306,8535,1
5306,8370,1
8084,7252,1
5524,7252,1
5991,7252,1
5284,7252,1
5053,7252,1
5579,7252,2
7252,8407,1
7252,8500,1
7252,8534,2
8300,6289,8
5604,8300,2
5266,5312,1
5312,7957,9
7578,5312,1
5655,6047,1
6488,6047,1
8024,6047,1
6047,6249,1
5579,6047,1
6047,8450,1
5576,6047,1
8233,6047,2
6047,6069,1
6047,6339,1
5999,6047,1
6047,6414,2
5409,6047,4
8004,6047,1
5771,6047,1
5991,6047,1
5937,6047,1
8019,6047,1
5631,6047,5
5756,6047,1
5631,8301,1
8085,8301,1
5315,7935,10
5315,6206,3
5315,6998,1
7521,5315,1
5315,5874,1
5315,8190,1
7547,5315,1
5315,8136,1
5315,7385,2
5315,5526,1
7706,5315,1
5315,5791,3
5315,8590,1
5315,7784,18
7762,5315,1
5315,7801,4
5315,7860,1
5315,8557,7
5315,8088,2
5315,8058,5
5315,5409,2
8085,8303,2
7733,8303,1
6936,7260,2
8304,8452,1
7989,8305,1
8306,7409,4
7771,8126,1
7729,7771,1
7771,8290,1
5209,7772,1
7772,6342,1
5273,7772,1
6720,8210,1
6720,8407,1
5145,6720,1
7811,8308,3
8014,8308,2
5209,8308,1
8310,8397,1
8310,8376,3
1372,6060,1
5729,6062,3
7870,6062,2
7773,5570,4
7940,8311,1
8105,8311,1
7780,5614,1
5002,7778,1
7602,7778,1
7782,8582,1
7774,8505,2
7724,6069,1
5771,6069,1
8210,6069,1
5525,6069,1
5414,6069,2
6069,8407,2
5631,6069,1
8199,6069,1
7619,5327,1
7724,8318,1
8259,8318,1
8320,8531,1
5081,6724,1
6724,6378,2
6724,8149,1
6724,8044,1
6724,7905,4
6724,5628,1
5328,7279,1
5328,5631,4
5328,5576,1
5328,5409,1
5145,5328,1
5153,5328,1
5328,8458,1
7785,7819,2
7785,8436,2
7785,8325,1
7785,6741,3
7785,7806,2
7785,5628,1
7785,7939,1
7785,8138,1
7785,5604,1
8319,7274,1
5628,7274,1
2385,7274,2
7848,7274,1
7688,7274,1
7844,7274,1
7274,8537,1
5395,7274,2
7705,7274,1
7896,7274,1
7962,7274,1
5035,7274,1
7274,8559,1
7274,6161,1
8255,7274,1
7274,8589,2
7939,7274,1
7830,7274,1
7274,6289,2
7016,7274,1
5835,7274,1
7915,7274,1
6666,7274,1
5413,7274,1
7735,7274,1
7943,7274,1
7274,6150,2
7731,7274,1
7274,8514,1
7959,7274,1
7274,8451,2
7274,8533,1
5400,7274,1
5346,8398,1
5229,5346,1
5266,5346,1
7787,7397,3
7788,8281,1
5125,7788,1
7788,7883,1
7788,8108,1
7788,8360,1
7788,7996,2
7788,8494,1
7788,8355,2
7788,8177,1
7744,7788,2
7788,7876,1
5347,5810,1
5347,8471,1
5347,8413,1
5347,8465,1
7789,8023,1
7665,7789,1
7789,5628,1
5348,6008,1
5273,8323,1
7585,7793,1
7704,8324,1
6608,8324,1
8287,8324,1
7794,8076,1
5209,7794,1
7794,8174,1
7757,6085,1
5213,8325,1
7796,7949,1
7796,7798,1
7755,7796,1
5352,7806,1
5130,5352,1
5086,5352,1
5352,7962,1
5352,8540,1
5352,5586,1
7538,5352,1
5352,6150,1
7701,8329,1
5097,8329,1
7800,5628,2
5409,6093,1
5991,6093,1
6093,8407,1
7676,6093,1
5153,6093,1
7608,6093,1
8137,6093,1
8091,6093,1
6741,8027,3
6741,5729,1
6741,5915,1
7659,6741,1
6741,8501,1
6741,6378,5
6741,6113,1
5081,6741,1
6741,5435,3
6741,7806,3
6741,6855,2
7705,6741,1
7592,6741,1
6741,8531,2
6741,7939,4
5059,6741,1
6741,7016,1
6741,8589,2
7731,6741,1
6741,5620,1
5358,8437,1
8334,8358,3
8032,8334,1
7872,8335,1
7801,6378,1
7801,6741,1
5035,7801,1
7801,6289,1
7801,7974,3
7801,8317,1
7801,7867,2
7801,5708,3
8199,8336,1
5213,7806,1
7806,8559,1
7806,8325,1
7806,7274,1
6520,7806,1
7806,5413,1
5059,7806,3
7806,8063,1
7806,8320,1
7806,8594,1
7806,5835,1
7806,6150,1
7806,8517,2
7731,7806,1
7806,7903,1
7806,8378,1
7806,5810,1
7806,8581,1
7806,8565,5
7717,7806,1
7806,7822,1
7806,7930,1
5153,7807,1
5327,7807,1
7807,8091,1
7807,8113,1
7807,8450,1
5364,8168,1
5364,7957,3
5209,5364,1
5364,6017,1
5364,8014,1
7720,7808,1
7809,8032,1
7883,8337,2
8220,8337,1
7811,6254,2
7811,8381,1
7811,7832,2
7557,7811,1
7812,6017,1
5066,7812,1
5209,7812,1
7812,8174,1
7814,6378,1
5059,7814,1
7814,5435,1
2385,7814,1
7814,8436,1
7814,8383,1
7816,8381,1
7811,7816,1
5209,7816,1
7816,7980,1
7816,8076,1
5154,7816,1
7816,8282,1
419,8339,6
5315,8339,1
6113,6150,1
6113,6378,1
7829,6113,3
6113,6289,2
6113,8517,1
5260,6113,1
4264,6113,1
6113,6161,2
6060,8344,1
5059,8344,1
5524,8345,3
8081,8345,3
8259,8345,1
7783,8345,1
1798,8347,2
8347,8396,3
8166,8348,1
7819,7992,6
7819,8319,1
7819,5391,1
5059,7819,1
7819,8501,2
7819,6289,7
7819,8556,1
7819,8584,1
7819,8403,2
7819,5435,2
7819,7939,1
7819,8229,1
7819,7016,1
7819,6161,1
7735,7819,1
7819,7903,1
7819,8062,1
7819,7959,1
7819,8533,1
373,3644,2
373,6191,1
373,5570,1
373,8492,1
7558,373,1
373,8173,1
7626,373,1
7729,373,1
373,7872,3
373,7949,1
373,8455,2
373,8470,1
373,8097,1
373,7990,1
373,8129,1
7744,373,1
373,8453,1
373,5465,1
8026,8349,2
5380,8501,4
5380,8072,1
5380,8038,1
5380,7947,1
6741,5380,1
5380,5915,1
5380,7274,2
5380,6150,1
5380,5391,1
5380,8553,1
7592,5380,1
5380,7893,1
6666,5380,1
5380,5413,2
5380,5604,1
5260,5380,1
5380,5560,1
7731,5380,1
5380,5982,1
5380,8378,1
5380,8058,5
7518,5380,1
5284,5380,1
5380,7837,1
7823,8565,4
7823,8544,1
7823,5708,1
6121,8419,1
5454,6121,1
5991,6121,1
7532,6121,1
6121,6413,1
5930,6121,1
7824,6350,4
3644,7853,14
3644,8599,1
3644,6182,1
7765,3644,1
7560,3644,1
3644,8453,1
7942,8355,1
5389,7982,2
5389,7128,1
7518,5389,1
5389,8412,1
5284,5389,2
5389,5655,4
5389,6414,4
5389,6079,1
5389,7922,2
5389,8407,1
5389,5991,1
5153,5389,1
5389,8091,2
7829,8072,2
8358,6350,2
7709,8358,1
7830,5400,1
7830,5628,1
7830,6811,3
7830,6289,1
7830,8553,3
7831,8589,1
7831,5835,1
7831,5628,1
5069,5395,1
7659,5395,1
5081,5395,2
5059,5395,3
5395,6150,1
7597,5395,1
5395,5620,2
7533,5395,1
5395,7884,1
5395,8579,1
5395,8055,1
5213,5395,1
7833,5677,3
8359,8390,1
5400,8342,1
8058,6130,2
6030,6130,1
7521,6130,1
6130,8581,1
6130,8413,1
6130,6206,2
5315,6130,1
5231,6130,2
7580,6130,1
7762,6130,1
8157,6130,1
7974,6130,1
5874,6130,1
6130,8524,1
5273,7836,1
5409,8463,1
5409,8244,1
5409,5771,1
5409,6361,1
5409,5991,3
5409,7981,3
5409,7964,1
7655,5409,1
5409,5788,3
5409,7919,1
5409,8137,1
5409,8458,1
5409,5579,2
5409,8477,5
5409,5722,1
5409,8450,1
5409,8085,1
5409,5655,6
5409,5677,3
5409,8004,2
5409,8167,1
5409,8199,1
5409,5454,2
5389,5409,2
5409,8476,1
5409,5592,1
5409,8208,1
5409,7879,1
5409,6130,1
5409,7974,1
5409,7914,2
7766,5409,1
5409,8219,1
7653,7839,1
5352,7840,1
5059,7840,1
7840,5799,1
7840,5835,1
7840,8378,1
5209,7306,1
5348,5413,1
6689,5413,1
5059,5413,1
5081,5413,1
5413,5515,1
5059,7844,1
5188,7847,1
7847,8085,1
7847,6390,1
5422,6242,1
5422,7973,1
5422,8450,9
5284,5422,2
5153,5422,1
5066,6142,1
5930,6142,1
7715,6142,1
6142,8562,1
8207,6142,1
5288,7850,1
5014,7851,1
7851,7920,1
7851,7995,1
7640,7851,1
7668,8373,1
7682,7853,1
7853,8350,1
7939,8374,3
7855,8106,1
7854,6342,1
5255,7857,1
7857,5670,1
7857,6069,1
7857,6311,1
5409,7857,1
7857,5655,1
5435,6150,1
6724,5435,2
7679,5435,1
5435,5628,2
5435,7962,2
5435,6289,6
5435,5586,1
4264,5435,1
5693,6144,1
5708,6144,1
6144,8581,2
7674,6144,1
8023,8378,1
8138,8378,1
5413,8378,1
7861,8419,1
5328,7861,1
5284,7861,4
7861,6047,3
7861,8412,2
7861,5660,2
5422,7861,1
7861,8194,1
7861,6261,2
7861,5991,2
7739,7861,1
7861,5631,3
7861,8259,1
5055,7861,1
7563,7861,1
5275,7861,1
7861,7955,1
7861,5788,1
7861,5722,1
7861,8085,1
7861,8175,1
7861,5576,1
7861,8156,1
7863,8412,1
6449,7863,1
7657,8381,1
5209,8381,2
8192,8381,1
7898,8381,4
7600,8381,1
7839,8381,1
8050,8381,2
8241,8381,2
7836,8381,1
7794,8381,1
5066,8381,1
6608,8381,2
7957,8381,4
7918,8381,1
8381,8601,1
8030,8381,1
8250,8381,1
8287,8381,1
8235,8381,1
8076,8381,1
8014,8381,1
8381,8442,1
8144,8381,1
8382,8577,2
5465,8382,1
5059,7864,1
7864,5982,1
7864,6150,1
7864,8214,1
7864,8055,3
419,8224,1
419,5722,2
419,5810,1
419,7935,1
419,5848,1
419,8503,1
5315,419,3
7549,419,1
5288,419,2
7527,419,2
5347,419,1
7850,419,1
419,7428,1
419,5693,4
419,8465,1
7570,419,1
419,6008,3
419,8061,1
419,5708,1
419,7974,1
5414,6884,3
5414,8585,1
5414,6249,3
5414,5771,1
5414,7128,1
5414,5454,1
7739,5414,1
7676,5414,1
5414,5579,2
5414,5647,1
6488,5414,1
5414,8458,1
7579,5414,1
5414,7904,4
5414,6414,3
7865,8352,1
7865,8373,1
6150,6261,2
7828,6150,1
6150,8541,1
5644,6150,3
7948,6150,2
6520,6150,1
8058,6150,2
7665,6150,1
5213,6150,1
6150,8579,3
5569,6150,8
5448,8306,1
5448,8008,2
5059,7868,1
7868,6060,1
7868,7893,1
5288,7867,1
7867,5791,4
7867,8454,1
7867,8590,1
5449,8396,1
7738,7869,1
8385,8402,1
7843,5601,2
5454,8419,1
5454,8412,1
5097,5454,1
5454,7925,1
5454,6414,1
7733,5454,1
5454,8199,1
5380,5454,1
5389,5454,1
6811,6289,1
6811,7902,3
5260,6811,1
7735,6811,1
5081,6811,1
7699,6811,1
5213,6811,1
5081,5455,1
5455,6150,1
7873,8120,1
7873,8335,1
7705,7870,1
7641,6161,1
6161,6378,1
7962,6161,2
6150,6161,1
6161,8556,2
5435,6161,1
5799,6161,1
5729,6161,1
6161,7492,1
5352,6161,1
5560,6161,1
5628,6161,2
5395,6161,1
6161,6337,1
5231,6814,2
6814,5848,1
6814,6008,2
7881,8111,1
7883,5806,1
7883,5570,2
7823,8395,1
7885,8241,1
7885,8076,1
5209,7885,1
7886,8058,3
7887,8545,1
7887,8472,1
7887,8030,1
7887,8276,1
7887,6017,1
5154,7887,1
7888,8045,1
7888,8470,1
7888,8552,7
7888,7942,5
8361,8396,1
5874,8396,1
8058,8396,6
8396,8570,4
7527,8396,1
5315,8396,1
8385,8396,1
8396,8555,1
5601,8396,4
8095,8396,4
7105,8398,1
5273,8398,1
5154,8398,1
8399,7511,1
8089,8399,1
5614,8399,2
8399,8425,1
8218,8399,1
8399,8427,1
8150,8399,1
7893,6289,1
7894,8568,2
7851,8404,1
8404,8535,2
5476,6204,9
7544,5476,1
5476,8305,1
5476,6429,9
5476,8073,1
5476,5715,1
8407,8463,1
5409,8407,1
8407,6334,1
7922,8407,3
8407,6414,3
7818,8407,1
5524,8407,1
7583,8407,1
8035,8407,1
7729,7901,1
7901,5960,1
7902,5628,1
8409,8554,1
8409,8503,2
7732,8410,1
7904,5579,1
7904,8450,1
5327,7904,1
7904,8266,1
7713,7904,1
7904,5677,2
7904,8156,1
7532,7904,1
7905,7492,1
7905,7274,1
7688,7905,1
7905,6307,3
7902,7905,1
7905,6261,1
7905,7016,2
7903,7905,1
7580,8414,1
5794,8416,4
7868,8418,1
8418,8531,6
5352,7896,1
7915,8556,1
7915,8033,1
8148,6204,1
6204,8567,1
7649,6204,3
7544,6204,1
8354,6204,1
7849,6204,1
8034,6204,2
8215,6204,1
8316,6204,1
8248,6204,1
8189,6204,1
6204,6429,1
482,8562,2
482,5614,2
7885,482,1
6855,8556,1
6855,6161,1
6855,8255,1
5260,6855,1
6855,8553,3
7819,6855,1
6855,8533,1
6855,5620,1
8092,6206,1
7546,6206,1
8400,6206,1
6206,6258,1
8352,6206,1
8413,6206,1
7547,6206,1
8058,6206,1
6206,8565,2
5299,6206,1
5347,6206,1
8162,6206,1
8157,6206,1
7717,6206,1
5409,6206,1
7753,6206,1
2593,6206,1
7913,6206,1
6206,8495,1
7917,6017,2
5066,7917,1
7811,7917,1
7917,8545,1
7917,6936,1
5096,7917,1
5209,7917,2
7917,8399,1
7917,8174,1
8192,8425,1
5096,8425,2
8425,8545,1
8241,8425,1
7944,8425,1
8425,6342,2
7653,8425,1
5462,8425,1
5209,8425,1
8425,8442,1
8174,8425,1
5454,8427,1
8427,8491,1
5462,8427,1
7975,8429,1
8140,8429,1
7922,6361,1
7922,6414,3
7885,7918,1
6608,7918,1
7924,8359,1
7924,8058,10
5380,5515,1
5515,6989,1
5515,7982,1
5515,7128,1
7915,8435,1
7641,8436,1
7574,8436,1
8436,8584,1
6161,8436,1
7893,8436,1
5515,8436,1
7656,8436,1
5081,8436,1
8436,8533,1
8438,7511,1
8030,8438,1
6017,8438,1
7653,8438,1
8438,8479,1
7934,7963,1
7934,6342,4
7934,5930,1
7935,5848,1
7547,7935,1
7935,7974,1
7935,8098,5
7935,6144,1
7935,8275,1
7935,8058,4
7936,6249,1
7936,5660,2
7936,8065,1
7733,7936,1
8224,6231,1
8053,6231,1
5693,6231,1
5601,6231,1
8011,6231,1
7671,6231,1
8154,6231,1
5874,6231,1
5315,6231,1
8162,6231,1
7762,6231,1
7691,6231,1
8359,6231,1
7784,6231,1
7644,6231,1
6130,6231,1
6231,8592,1
6231,8557,3
7822,6231,1
8219,6231,1
6505,6231,1
5889,6231,1
7902,7939,1
7662,5525,1
5524,8419,1
5422,5524,1
5524,5579,1
5524,8172,1
5409,5524,2
7655,5524,1
5524,8458,1
5524,8085,1
7941,7975,1
7942,7961,1
7942,7952,1
7943,6261,1
7943,5915,1
7581,8444,1
8335,8444,1
7945,6429,3
7672,7945,1
8402,8446,1
7984,8446,1
7836,6234,1
8050,6234,1
6234,6342,1
7812,6234,1
8442,6234,1
6234,8562,1
7928,8413,1
7947,8071,1
7947,8490,1
7755,6236,1
7927,8359,1
7673,7948,1
5059,7948,1
7948,5628,1
7948,5655,3
7948,8035,2
7587,7948,1
7948,6339,1
7566,7948,1
7948,8091,1
7948,6047,1
7948,8458,1
5284,7948,1
5524,8447,1
6093,8447,3
6488,8447,1
5771,8447,1
7518,8447,1
5389,8447,2
8447,6395,3
5655,8447,4
5153,8447,1
5576,8447,1
8233,8447,1
5872,8447,1
8410,8447,1
5948,8447,2
5670,8447,1
8447,8481,1
7252,8447,1
5409,8447,1
7680,8447,2
7955,8447,1
5579,8447,1
6069,8447,1
5255,8447,1
7614,8447,1
7861,8447,1
5525,8447,1
8199,8447,1
8447,6414,1
5454,8447,1
7128,8450,1
8450,6395,1
7936,8450,1
5284,8450,1
8088,8450,1
8199,8450,1
5991,8450,1
7949,8337,1
7709,7949,1
6884,5771,2
5389,6884,1
7761,6884,1
8451,6289,7
5544,8050,1
7664,6242,1
8091,6242,5
7953,8478,1
7953,8573,2
7953,8177,1
6891,8174,1
8221,8455,1
8057,8455,4
8184,6249,1
7566,6249,1
5515,6249,1
8091,6249,1
7680,6249,1
7847,6249,1
5670,6249,1
8005,6249,1
7583,6249,1
6008,8456,1
6250,8545,8
8459,8500,2
8459,6395,1
7532,8459,1
5284,8459,1
8459,6414,1
5631,8459,1
6672,7957,1
7957,6936,5
6608,7957,1
7957,5794,3
7957,5872,1
7623,7957,1
7653,7957,1
5209,7957,2
7957,8089,2
7957,6342,2
8174,6254,1
5070,6254,1
7560,6254,1
8108,6254,4
5560,8038,1
5560,8531,2
5560,8058,1
6855,5560,1
5560,8286,1
5560,7987,1
7771,7961,1
7560,7961,1
7528,7961,1
5002,7961,1
7930,8464,1
6689,7962,1
5130,7962,1
7940,7962,1
6741,7962,1
7705,7962,1
7896,7962,1
5059,7962,1
5260,7962,1
4264,7962,1
7538,7962,1
7962,5604,1
7962,6150,1
7903,7962,1
7938,7962,1
7962,8062,1
7962,8383,1
7966,6936,2
8467,6307,2
8436,8467,1
5569,8319,1
5081,5569,2
5569,5628,1
7533,5569,1
5059,5569,1
5346,5570,1
5570,8405,1
5570,5678,1
5570,8457,1
5570,5772,1
7636,5570,1
5570,8108,1
5570,8096,2
7669,5570,1
5570,8258,1
5002,5570,1
5570,6158,1
5570,8393,2
5570,7978,1
5570,8029,1
7952,5570,1
5570,8270,1
5570,6350,1
7573,5570,2
5059,6261,2
6741,6261,1
7684,6261,1
5655,6261,1
6943,6261,1
7971,5806,1
7948,7973,1
7973,8412,1
7973,6334,1
7973,8175,1
7973,6249,1
7973,5655,2
7579,7973,1
7973,5872,1
7973,5722,3
5315,7974,2
7547,7974,1
7974,8058,1
5348,7974,1
7974,6008,1
7974,5743,2
7766,7974,1
7977,8400,1
5579,5647,1
5579,8585,2
5284,5579,1
5579,6069,1
5579,5655,1
5579,8534,1
5328,5579,1
5579,8458,1
5579,6334,4
5145,5579,1
5579,8199,1
7980,8568,1
7980,8241,1
7837,7980,1
5273,7980,1
7820,7979,1
7979,8058,2
5579,7981,2
5284,7981,1
5153,7981,1
7981,6079,1
7981,6334,2
7732,7981,1
7981,5991,2
7981,8069,3
7981,8081,1
7981,5655,1
7981,6395,1
7981,8458,1
5524,7981,1
7639,7981,1
7638,7981,1
7587,7981,1
7981,5756,2
7981,6047,1
7981,7252,2
7982,5631,3
5284,7982,1
5153,7982,1
7614,7982,1
7982,5660,1
7982,5991,1
7982,8534,1
5288,7984,1
7984,8454,1
7706,7984,1
7811,8472,1
6017,8472,1
7987,5982,1
5586,6113,1
5059,5586,1
5260,5586,1
5586,8420,1
5586,5604,1
5586,8378,1
5586,5644,1
5586,8451,1
5586,8383,1
5213,5586,1
5960,6281,1
7995,8205,1
6936,8479,2
5693,7397,1
8413,7397,1
7397,8600,1
7974,7397,1
6008,7397,1
5315,7397,1
5984,8482,1
5601,8333,1
7549,5601,1
5348,5601,1
5186,5601,1
5601,8279,1
5601,8546,1
7762,5601,1
5601,8058,1
5601,5791,1
5601,6130,1
5601,8275,1
7913,5601,1
7751,5601,1
5601,8013,1
5516,7997,1
7756,7997,1
7997,8365,1
5178,5604,1
5604,6289,3
5604,8556,1
5395,5604,2
5400,5604,1
5604,8136,1
7728,5604,1
5059,5604,1
5413,5604,1
5604,8214,1
5604,7016,1
5604,8007,1
7754,5604,1
5604,8533,1
5462,6936,3
6936,8568,1
6936,8562,2
7963,6936,1
6936,5614,1
6936,8168,1
6936,6204,1
7839,6936,1
6936,7105,2
7738,6936,1
7794,6936,1
6936,8014,1
5209,6936,5
7811,6936,1
6936,6017,8
7918,6936,1
6936,6142,1
7745,6936,1
6936,8250,1
7837,6936,1
7723,6936,1
7781,6936,1
6936,6250,2
7653,6936,1
7926,6936,1
6936,7287,1
6936,6304,1
5271,6936,1
5273,6936,1
6936,5981,1
6936,8399,2
5266,6936,1
6936,6348,1
7606,6936,1
6936,7493,1
7980,6936,1
6936,8146,1
7714,6936,1
6936,6342,1
7828,6289,1
5348,6289,1
7814,6289,1
5391,6289,2
6289,8498,1
6289,8493,3
8038,6289,1
8040,6289,1
6289,8541,1
6289,8517,4
7940,6289,2
6724,6289,1
7881,6289,2
8374,6289,1
8357,6289,1
7992,6289,1
6289,8556,1
6289,8537,1
5395,6289,1
5455,6289,1
5644,6289,4
7728,6289,1
6289,8589,3
8105,6289,1
5734,6289,1
8271,6289,1
5213,6289,1
5729,6289,4
8346,6289,1
6289,8509,1
6953,6289,2
7016,6289,2
6289,8582,2
7943,6289,1
6150,6289,1
7903,6289,1
7959,6289,1
6289,8533,7
8194,6289,1
8467,6289,1
7949,8484,1
7722,8485,1
8002,5824,1
7864,8002,1
8002,8090,1
7564,6300,1
1798,6300,2
8413,6300,1
5186,6300,1
7784,6300,2
5614,8276,1
5284,8004,4
8004,5991,1
8004,6334,1
8004,8329,1
7732,8004,1
8004,5722,2
8004,6395,1
8004,5872,1
8004,8450,1
8004,8035,1
8004,5647,1
7819,6307,1
8033,6307,1
8039,6307,1
8378,6307,1
5130,6307,1
6855,6307,1
5435,6307,1
6307,8490,1
8229,6307,1
5729,6307,4
6307,7492,1
7959,6307,1
6307,8533,1
8487,6354,1
8258,8488,1
7722,7409,1
5874,7409,2
7751,7409,1
7554,7409,1
7817,7409,1
7409,8513,1
7827,7409,1
6008,7409,1
7930,7409,1
5409,8005,1
5729,8490,3
5059,5620,1
5620,8584,1
5620,7016,1
8140,8494,1
6047,6311,1
5660,6311,4
7982,6311,1
8407,6311,1
5525,6311,1
8011,6008,1
8012,6395,1
5284,8012,1
7645,6953,1
7940,6953,1
6724,6953,1
6953,8597,1
5081,6953,1
7943,6953,1
6953,8378,1
6953,6150,1
8013,5722,3
7889,5628,1
5628,8044,1
7782,5628,1
7562,5628,1
7545,5628,1
7967,5628,1
5628,6989,3
5628,8597,2
5628,5729,1
5628,8509,1
6811,5628,1
7740,5628,1
5560,5628,1
5628,8311,1
5631,6249,1
7807,5631,1
5631,5655,2
5631,8028,3
5631,8262,1
8014,5963,1
5346,8014,1
8014,6342,1
5209,8014,1
8014,6354,1
5756,8500,1
7955,8500,1
8113,8500,1
5631,8500,1
8055,8501,4
8501,8579,2
7574,8501,1
5059,8501,1
5260,8501,1
5915,8501,1
5019,8501,1
8016,8599,1
7946,8502,1
5848,8503,1
6008,8503,1
8503,8554,1
8475,8503,1
5874,8503,1
7547,8503,1
8489,8503,1
8098,8503,1
5693,8503,1
6030,8503,1
8219,8503,1
7586,8503,1
8215,8505,1
7669,8505,1
5409,8021,2
8058,8507,2
5231,8507,1
5315,8507,1
7657,5644,1
5644,5729,4
5644,8553,5
5081,5644,1
7665,5644,1
5604,5644,1
5628,5644,1
5644,8058,5
5644,8533,3
5644,5807,1
1372,5644,1
5066,8511,1
7287,8511,1
8511,6342,9
7835,8026,1
8027,5729,2
5409,5647,2
5647,6261,1
7847,5647,1
5722,7428,1
5347,7428,1
7428,8565,4
5348,7428,1
8049,7428,6
7909,5655,1
7526,5655,1
5655,6249,1
7936,5655,1
5422,5655,1
5655,5872,2
5655,8156,1
5655,6334,1
5655,6414,6
5655,5722,2
5655,6121,1
5655,5771,3
5655,5999,1
5655,8091,4
7587,5655,1
6488,5655,1
5655,8085,1
5655,8210,1
5655,5677,3
5655,6242,1
7931,5655,1
5284,6334,3
6884,6334,1
8202,6334,1
8210,6334,1
5153,6334,1
5722,6334,3
7857,6334,1
5647,6334,1
8450,6334,1
6060,8517,1
7947,8517,1
5275,6339,1
8089,6342,2
5346,6342,1
8235,6342,1
6342,8601,3
5924,6342,1
6539,6342,2
6017,6342,2
5209,6342,2
5660,8199,2
5806,8520,1
8030,8292,1
8030,8479,1
8032,8552,1
7602,8032,1
8477,8521,1
8450,8521,1
5655,8521,1
8058,8522,4
5400,8035,1
5655,8035,1
8035,8459,1
8035,8176,1
5569,6989,1
6350,8561,2
7975,6350,1
8099,6350,2
6350,8602,1
8121,6350,2
5678,8545,2
7645,8044,1
8044,8589,1
8044,8480,1
5413,8040,1
8319,8531,1
7540,8531,1
7943,8531,1
8118,8531,6
8055,8531,3
7962,8531,1
8531,8584,1
8328,8531,1
8460,8531,1
5260,8531,1
8094,8531,1
7726,8531,1
6337,8531,1
8041,5708,10
8049,5708,3
7839,8050,1
6608,8050,1
8050,6017,2
7604,8050,1
5154,8050,1
8050,8432,1
8054,8273,1
8055,8325,1
5081,8055,1
8055,8374,1
8055,8115,3
8055,8579,3
5560,8055,1
8055,8100,3
8055,8058,2
8055,6150,1
8250,8542,1
8381,8542,1
5081,8058,1
8058,8556,2
7728,8058,1
7902,8058,1
5213,8058,2
7992,8058,1
8058,8214,1
8058,8066,3
5693,8058,1
8058,7250,1
5526,8058,1
7611,8058,1
7806,8058,1
5288,8058,2
8058,7397,1
8058,5874,1
8058,8165,1
8058,8570,9
7547,8058,1
8058,8294,1
7527,8058,2
8058,5743,4
5347,8058,1
8058,8268,1
8058,8160,1
5299,8058,1
7817,8058,1
7706,8058,1
5449,8058,1
7691,8058,1
8058,6008,2
8058,8590,1
7879,8058,1
7820,8058,1
8058,6231,1
8058,5708,1
8058,8592,11
2593,8058,1
7686,8058,1
8058,7503,1
8058,8219,1
7994,8058,1
7572,5708,2
5708,8504,1
5693,5708,2
7826,5708,1
5708,8400,1
6998,5708,1
5288,5708,1
5347,5708,2
5708,6258,1
5708,8107,1
5708,6231,2
7671,5708,1
7547,5708,1
5708,8294,1
7613,5708,1
5708,8566,1
5708,8489,1
5708,8098,3
7817,5708,1
7762,5708,1
5293,5708,1
5708,8359,1
7862,5708,1
7974,5708,1
5409,5708,1
5708,6130,1
5708,8592,1
5708,8275,1
7913,5708,1
5708,8198,1
7527,5708,1
5708,8529,1
7766,5708,1
8069,7279,1
8069,5771,1
8069,8175,1
8069,8534,2
5213,8063,1
8063,8589,1
8063,7016,1
5081,8063,1
7915,8063,1
8063,8579,1
8063,6150,1
8063,8556,1
6608,8064,1
8065,5722,1
7616,8065,1
7957,8545,1
5209,8545,1
8058,8546,1
5715,8231,1
5715,8212,1
7649,5715,1
5715,6204,1
5715,8523,1
7721,5715,1
5715,6429,5
5715,8411,1
5715,8326,1
5715,8225,1
5715,8082,1
7845,5715,1
8056,5715,1
7776,5715,1
7999,5715,1
5715,8195,1
5715,8377,1
5715,5930,1
8514,8533,1
8533,8553,2
8002,7016,1
5544,8067,1
7957,8067,1
8067,5930,1
7622,8067,1
5273,8067,1
5678,8067,1
8067,6017,1
5409,8534,2
5284,8534,2
8534,6390,1
8463,8534,1
8412,8534,1
5327,8534,1
6121,8534,1
5991,8534,1
8534,6414,1
7676,8534,1
5655,8534,1
5328,8534,1
8407,8534,2
5756,8534,1
8534,8563,2
7682,8070,1
7557,8070,1
8070,5806,1
8070,8444,1
7692,8548,1
5644,8071,1
5081,8072,1
8072,6150,1
6884,5722,1
5722,6390,1
5284,5722,2
5722,5991,1
5722,8458,1
7532,5722,1
5414,5722,1
5722,6414,4
5722,5810,1
5722,8565,1
5347,2270,1
7763,8074,1
7996,8074,1
5081,8075,1
8075,8559,1
7592,8075,1
8075,8320,1
8075,6161,1
6811,8075,1
5628,8075,1
7903,8075,1
8075,8378,1
7641,8553,1
2385,8553,6
6520,8553,1
5761,8553,1
5620,8553,1
8027,8553,1
5994,8553,1
5260,8553,1
5628,8553,1
6289,8553,4
6150,8553,1
7532,5677,1
5677,6249,1
7563,5677,1
5677,8412,1
7922,5677,1
5677,5991,1
5670,5677,1
5677,8407,1
5097,5677,1
5677,8336,1
7919,5677,1
5677,8477,1
5677,8085,1
5677,8176,1
5677,8199,1
6943,5677,1
5284,5677,1
7806,5729,1
5352,5729,2
5729,5761,5
7688,5729,1
7896,5729,1
5729,8105,1
5729,8467,2
5213,5729,1
7828,8556,1
7540,8556,1
7665,8556,1
5299,8556,1
6060,8556,1
8420,8556,1
7801,8556,1
5059,8556,2
7731,8556,1
6150,8556,1
7884,8559,1
5059,8559,1
7943,8559,1
5081,6378,2
8428,6378,1
8556,6378,1
8033,6378,1
5260,6378,1
8533,6378,1
8300,6378,1
5146,8079,1
7866,8079,1
8079,8441,1
8081,5985,1
7563,8081,1
8081,6334,1
5327,8081,1
5328,8081,1
5579,8081,2
8081,8199,1
7931,8081,1
7676,8084,1
5734,5761,1
5125,8561,1
5806,8561,1
7607,8561,1
7978,8561,1
8381,8562,1
5209,8562,7
8431,8562,1
5066,8562,1
8235,8562,1
7917,8562,1
8562,8601,1
7287,8562,1
8452,8562,1
7260,8562,1
5154,8562,1
6348,8562,1
7306,8562,1
7966,8562,1
7685,8562,1
6017,8562,1
8207,8562,1
7680,8086,1
5991,8563,1
5153,8563,1
7579,8563,1
8407,8563,1
5284,8563,1
5601,8564,1
5791,8565,2
5284,8088,2
5409,8088,1
8088,8199,1
8088,8262,1
7811,8089,1
7935,5743,1
6998,5743,1
7692,5743,1
7806,5743,1
6505,5743,1
7827,5743,1
7668,5743,1
5315,5743,1
5579,6390,1
5284,6390,1
5788,6390,1
8545,8571,1
5794,8571,1
7998,8571,1
8091,5948,1
8091,6121,1
8091,6395,2
7655,8091,1
6884,5756,1
5756,8412,1
5756,6069,1
5579,5756,1
8022,5756,1
5284,5756,1
5284,6395,1
7518,6395,1
5454,6395,1
7619,6395,1
6311,6395,1
5660,6395,1
7857,6395,1
6395,6414,4
8088,6395,1
8534,6395,1
7940,5761,1
8337,8573,1
7925,6398,1
7613,8093,1
5771,6390,1
5454,5771,1
5771,5872,1
5771,8534,1
5389,5771,1
5213,7492,1
7888,5772,1
1477,8097,1
8096,6236,1
8096,5806,1
7924,8098,1
2593,8098,1
5693,5776,1
5776,5810,1
5592,5776,1
8578,6429,1
8343,8579,1
5348,8579,1
5081,8579,2
7800,8579,1
6113,8579,2
7829,8579,1
5059,8579,2
7908,8579,1
7679,8579,1
7688,8579,1
8556,8579,1
5213,8579,1
8553,8579,1
5620,8579,1
8559,8582,1
8271,8582,1
5413,8582,1
6608,8099,1
8014,8099,1
8100,8559,1
8100,8439,1
7829,8100,2
8100,5947,1
5059,8100,1
2385,8100,1
8100,8584,1
8100,6150,1
7592,8100,1
5604,8100,1
8033,8100,1
5081,8100,1
8100,8531,1
8102,5794,2
5081,8103,1
5631,5788,1
5788,8202,1
5788,8104,1
5791,8485,1
5186,5791,1
5791,8136,1
8037,5791,1
6533,5791,1
5791,5848,1
5231,5791,1
7678,5791,1
5647,6413,1
5985,6413,1
5284,6413,1
5948,6413,1
7847,6413,1
7972,6413,1
5991,6413,1
8065,6413,1
7707,6414,1
8440,6414,1
5771,6414,3
7639,6414,1
8175,6414,1
7761,6414,1
5991,6414,1
7566,6414,1
6414,6436,2
7818,6414,1
7612,6414,1
7857,6414,1
6943,6414,1
5937,6414,1
5153,6414,2
7616,6414,2
5794,8381,1
7781,5794,1
5794,6250,1
7775,5794,1
7604,5794,1
5647,6421,1
5457,7511,1
7747,7511,1
8108,8122,1
7688,8594,1
8523,6429,1
8246,6429,1
8164,6429,1
8406,6429,1
7849,6429,1
8135,6429,1
7993,6429,1
8371,6429,1
7892,6429,1
8401,6429,1
8388,6429,1
7916,6429,1
7539,6429,1
8528,6429,1
8195,6429,1
8291,6429,1
6953,5799,1
5799,8531,1
5395,5799,1
5799,8584,1
5799,8255,1
5213,5799,1
7016,5799,1
5729,5799,1
7754,5799,2
5799,8145,1
7828,8111,1
8111,8579,1
5260,8111,1
8111,8533,1
7699,8111,1
8115,5982,1
8115,8531,1
7884,8115,1
5081,8115,1
8033,8597,1
8541,8597,1
5255,6436,1
7540,8118,1
5081,8118,1
7728,5815,1
5548,8602,1
8002,5807,1
5807,6150,1
7948,5824,1
5824,8579,1
6585,5824,1
7962,5824,1
7938,5824,1
8122,6158,1
